Country,Region,DataYear,ClassGrade,Gender,Ageyears,Handed,Height_cm,Footlength_cm,Armspan_cm,Languages_spoken,Travel_to_School,Travel_time_to_School,Reaction_time,Score_in_memory_game,Favourite_physical_activity,Importance_reducing_pollution,Importance_recycling_rubbish,Importance_conserving_water,Importance_saving_energy,Importance_owning_computer,Importance_Internet_access,Left_Footlength_cm,Longer_foot,Index_Fingerlength_mm,Ring_Fingerlength_mm,Longer_Finger_Lefthand,Birth_month,Favorite_Season,Allergies,Vegetarian,Favorite_Food,Beverage,Favorite_School_Subject,Sleep_Hours_Schoolnight,Sleep_Hours_Non_Schoolnight,Home_Occupants,Home_Internet_Access,Communication_With_Friends,Text_Messages_Sent_Yesterday,Text_Messages_Received_Yesterday,Hanging_Out_With_Friends_Hours,Talking_On_Phone_Hours,Doing_Homework_Hours,Doing_Things_With_Family_Hours,Outdoor_Activities_Hours,Video_Games_Hours,Social_Websites_Hours,Texting_Messaging_Hours,Computer_Use_Hours,Watching_TV_Hours,Paid_Work_Hours,Work_At_Home_Hours,Schoolwork_Pressure,Planned_Education_Level,Favorite_Music,Superpower,Preferred_Status,Role_Model_Type,Charity_Donation
USA,SC,2013,11        ,Male,17,Right-Handed,180,26,180,3,Car,5,.078,46,Golf,600,700,1000,800,700,1000,26,Same length,80,85,Ring finger,September,Spring,Yes,No,Meat,Water,Science,8,10,6,Yes - other,In person,50,50,6,1,1,12,12,1,1,1,3,2,20,10,None,Graduate degree,Country,Invisibility,Rich,Relative,Health
USA,CA,2016,12        ,Female,17,Right-Handed,170,24,162.9,1,Car,5,0.375,30,Athletics,588,,,,,,,,,,,,,,,,,,,,,,,,,,,,,,,,,,,,,,,,,,,
USA,WA,2025,12        ,Male,17,Right-Handed,182,26.5,176,1,Bus,30,0.515,92,Basketball,807,722,1000,920,257,535,26.5,Same length,8.2,8.4,Ring finger,February,Fall,No,No,Meat,Water,Music,7,9,4,Yes - broadband connection,Text messaging,50,50,10,1,0,2,1,3,20,0,60,0,0,3,Some,High school,Rock and roll,Freeze time,Healthy,Other,Other
USA,TN,2015,12        ,Male,17,Right-Handed,180,30,184,1,Car,30,3.96,37,Football (American),500,500,500,5000,0,0,30,Same length,85,84,Index finger,August,Fall,No,No,Meat,Milk,Mathematics and statistics,6,10,5,Yes - other,Text messaging,4,8,5,.5,2,7,0,0,1,1,0,5,35,5,Very little,Graduate degree,Country,Fly,Happy,Friend,Other
USA,MA,2019,11        ,Male,16,Right-Handed,174.5,27,182,2,Car,10,.297,32,Soccer,1000,,,,,,,,,,,,,,,,,,,,,,,,,,,,,,,,,,,,,,,,,,,
USA,KS,2021,7         ,Male,12,Right-Handed,162,26.5,154,1,Car,10,286,45,Athletics,400,900,900,400,600,500,26.5,Same length,10,8 ,Index finger,December,Summer,Yes,No,Meat,Water,Science,10,9,4,Yes - other,Cell phone,0,10,1,35min,0min,24h,2h,2h,1h,10min,2h,1h,0,30min,Very little,Graduate degree,Classical,Fly,Happy,Friend,International aid
USA,NC,2024,10        ,Male,15,Right-Handed,181,28,193,1,Car,8,0.478,34,Other,658,807,358,497,727,775,27,Right foot,97,107,Ring finger,September,Fall,No,No,Rice/Noodle dishes,Water,History,8,10,7,Yes - broadband connection,"Myspace, Facebook, other social networking sites, or blog",327,276,2,0,15,6,16,3,12,4,20,0,0,3,A lot,Graduate degree,Rhythm and blues (R&B),Super strength,Rich,Sports person,"Arts, culture, sports"
USA,CO,2011,9         ,Female,14,Right-Handed,156,25 ,156 ,2,Bus,15,0.359,74,Dancing,500,700,900,,1000,10000,23,Right foot,8,7,Index finger,August,Summer,Yes,No,Other,Juice,English,7,4,3,Yes - broadband connection,Text messaging,700,750,8,1,2,3,2,4,4,12,10,3,1,3,A lot,Graduate degree,Techno/Electronic,Freeze time,Happy,Other,Health
USA,IN,2018,7         ,Female,13,Right-Handed,160,23,156,1,Bus,8,0.395,39,Gymnastics,1000,853,1000,900,500,600,23,Right foot,90,97,Ring finger,November,Summer,No,No,Pizza/Pasta,Soft drink (caffeinated),Languages,8,10,5,Yes - broadband connection,In person,20,25,10,0,2,5,10,2,2,3,5,1,0,3,Some,Undergraduate degree,Country,Invisibility,Happy,Actor,Health
USA,CO,2018,7         ,Male,13,Right-Handed,167,26,166,1,Walk,8,0.724,52,Basketball,700,600,300,400,700,600,26,Same length,8,9,Ring finger,July,Summer,No,No,Seafood,Water,Computers and technology,8,11,4,Yes - broadband connection,In person,0,0,5,1,1,10,3,15,0,0,10,15,0,1,Some,Graduate degree,Techno/Electronic,Freeze time,Rich,Relative,Environment
USA,AR,2020,12        ,Male,17,Right-Handed,152,29,152,1,Car,10,.33,42,Other,600,300,300,300,900,900,29,Same length,8,9,Ring finger,April,Summer,Yes,No,Rice/Noodle dishes,Water,Mathematics and statistics,6,9,4,Yes - broadband connection,Text messaging,500,530,1,0,3,3,1,5,.5,8,20,4,15,0,A lot,Graduate degree,Rock and roll,Telepathy,Happy,Sports person,Education/Youth development
USA,WA,2025,11        ,Female,17,Right-Handed,157,11.4,157,1,Car,5,0.514,40,None,500,500,700,700,500,500,11,Same length,50,50,Ring finger,January,Fall,Yes,No,Salads,Water,Other,7-8,10,3,Yes - broadband connection,Internet chat or instant messaging,40,58,2,5,8,4,4,5,5,5,6,2,18,3,Some,Graduate degree,Rap/Hip hop,Telepathy,Rich,Relative,"Wildlife, animals"
USA,FL,2019,12        ,Male,17,Right-Handed,178,27,184,1,Car,10,.613,39,Football (American),700,600,400,400,250,600,27,Same length,112,112,Same length,October,Summer,Yes,No,Pizza/Pasta,Water,Social studies,7,10,4,Yes - broadband connection,Text messaging,300,400,14,14,3.5,5,20,14,1,5,14,0,0,10,A lot,Graduate degree,Country,Freeze time,Happy,Sports person,Environment
USA,NH,2018,5         ,,,Right-Handed,,,,,Bus,20,,,,,,,,,,,,,,,,,,,,,,,,,,,,,,,,,,,,,,,,,,,,,,,
USA,IN,2020,11        ,Female,17,Right-Handed,167,,,1,Car,5,,,Running/Jogging,1,3,5,4,6,2,,Same length,,,Ring finger,August,Summer,Yes,No,Pizza/Pasta,Water,Mathematics and statistics,8,8,6,Yes - broadband connection,Telephone,10,10,5,7,8,10,5,3,3,4,9,3,16,8,A lot,Graduate degree,Country,Invisibility,Happy,Religious figure,Health
USA,OH,2024,12        ,Female,17,Right-Handed,192,25,172,1,Car,30,.342,34,Basketball,722,369,428,615,524,973,25,Same length,80,80,Same length,February,Summer,No,No,Fruit,Water,Mathematics and statistics,7,10,5,Yes - broadband connection,"Myspace, Facebook, other social networking sites, or blog",7,10,5,3,1,8,0,10,2,0,1,1,15,2,Very little,Undergraduate degree,Country,Telepathy,Healthy,Relative,Health
USA,CO,2015,12        ,Female,16,Right-Handed,165,25,163,4,Walk,0,0.488,51,Dancing,794,803,683,787,300,900,25,Same length,77,82,Ring finger,September,Spring,Yes,No,Meat,Tea,Mathematics and statistics,5,13,5,Yes - broadband connection,In person,5,10,5,1,7,7,7,0,5,5,5,0,4,6,Some,Graduate degree,Heavy metal,Freeze time,Happy,Other,Education/Youth development
USA,WA,2025,11        ,Male,17,Right-Handed,175,96,185,3,Bus,25-30,0.27,74,Soccer,600,1000,1000,1000,450,1000,96,Same length,76,74,Ring finger,March,Winter,No,No,Breads/Sandwiches,Water,English,3-4,10-12,6,Yes - broadband connection,Cell phone,150,200,25,20,2,5,7,0,42,1,40,2,0,0,Some,High school,Other,Invisibility,Healthy,Other,Other
USA,VA,2025,10        ,Male,16,Right-Handed,172,25,186,1,Bus,20,0.347,44,None,700,750,600,700,400,700,26,Left foot,93,95,Ring finger,October,Winter,No,No,Rice/Noodle dishes,Tea,History,8,6,4,Yes - other,Text messaging,120,130,4,2,1,4,1,3,2,3,2,2,0,2,Very little,Other,Rap/Hip hop,Super strength,Happy,Actor,Health
USA,CA,2015,12        ,Female,17,Right-Handed,155,27,152,2,Car,10,0.53,47,Other,600,800,800,900,1000,1000,27,Same length,70,70,Same length,October,Summer,Yes,No,Pizza/Pasta,Water,Mathematics and statistics,7,9,6,Yes - other,,3,4,5,2,14,50,50,0,50,1,50,60,0,60,Some,Graduate degree,Rap/Hip hop,Invisibility,Healthy,Musician or singer,Health
USA,PA,2017,12        ,Male,18,Right-Handed,175,25,175,2,Car,10,,0.314,Other,503,503,455,455,305,658,25,Same length,70,72,Ring finger,August,Summer,No,No,Meat,Water,Science,7,9,5,Yes - broadband connection,Text messaging,100,100,6,3,7,4,10,0,2,10,10,15,12,2,Some,Graduate degree,Techno/Electronic,Fly,Happy,Relative,Health
USA,OR,2026,12        ,Female,17,Right-Handed,173,24,175,2,Car,7,0.239,24,Golf,800,700,950,900,400,600,25,Left foot,87,91,Ring finger,April,Spring,Yes,No,Rice/Noodle dishes,Water,Social studies,6,4,3,Yes - broadband connection,Text messaging,85,120,1,0,8,4,12,1,15,4,20,5,22,2,A lot,Graduate degree,Rhythm and blues (R&B),Telepathy,Happy,Relative,Health
USA,SC,2021,11        ,Female,19,Right-Handed,153,16,96,1,Car,10,0.741,65,None,0,0,1000,1000,500,500,16,Same length,40,60,Ring finger,September,Fall,Yes,No,Pizza/Pasta,Soft drink (caffeinated),English,5,7,5,Yes - other,Text messaging,30,30,0,0,12,0,0,0,1,9,3,0,0,30,A lot,Other,Pop,Freeze time,Healthy,Relative,Health
USA,FL,2018,12        ,Female,17,Right-Handed,160,21,147,1,Car,30,0.394,43,Soccer,733,690,824,770,487,610,20,Right foot,45,40,Index finger,July,Summer,No,No,Breads/Sandwiches,Water,History,7,9,4,Yes - broadband connection,In person,30,60,9,3,2,5,3,0,9,13,9,1,15,4,A lot,Graduate degree,Rap/Hip hop,Telepathy,Healthy,Relative,Health
USA,NC,2014,7         ,Male,12,Left-Handed,175,23,169,1,Bus,60,0.476,120,None,800,1000,1000,500,500,1000,23,Same length,6,7,Ring finger,August,Summer,No,No,Desserts,Soft drink (non-caffeinated),History,8,12,5,Yes - dial-up connection,Telephone,0,0,9,1,1,2,0,4,2,0,3,1,0,5,Some,Some college,Other,Freeze time,Healthy,Other,Environment
USA,MI,2015,12        ,Male,17,Right-Handed,173,26,174,1,Car,3,.272,28,Bowling,850,900,850,800,700,800,26,Same length,83,85,Ring finger,May,Spring,No,No,Pizza/Pasta,Water,Science,4,9,4,Yes - broadband connection,In person,2,4,0,0,20,4,0,1,0,1,40,5,0,6,A lot,Graduate degree,Rock and roll,Invisibility,Happy,Relative,Environment
USA,MD,2013,7         ,Male,12,Left-Handed,12.95,13,121.9,1,Bus,5,.327,54,Cycling,1000,626,1000,1000,1000,1000,14,Same length,5,5,Ring finger,April,Summer,No,No,Pizza/Pasta,Sports drink,Physical education,8,1,5,Yes - broadband connection,Internet chat or instant messaging,47,54,10,0,0,5,10,100,,,,,,,,,,,,,
USA,SC,2013,11        ,Female,15,Right-Handed,157.5,22.5,150,1,Car,7,.777,38,Golf,1000,900,800,400,500,700,22.75,Left foot,65,67,Ring finger,April,Summer,Yes,No,Fruit,Water,Mathematics and statistics,9,7,4,Yes - broadband connection,Cell phone,100,100,7,3,5,3,2,0,7,8,2,2,0,7,A lot,Graduate degree,Country,Telepathy,Happy,Friend,International aid
USA,NC,2016,12        ,Female,17,Right-Handed,167,25,166,1,Car,15,.678,45,Athletics,900,100,500,500,1000,1000,27,Left foot,70,75,Ring finger,June,Summer,Yes,No,Meat,Soft drink (caffeinated),Science,5,8,4,Yes - broadband connection,Text messaging,100,700,10,10,1,20,1,10,168,100,100,10,20,5,Some,Graduate degree,Rhythm and blues (R&B),Invisibility,Happy,Relative,"Wildlife, animals"
USA,TN,2017,12        ,Female,17,Right-Handed,162.5,22.5,56.5,1,Car,4,0.512,36,None,700,700,700,700,700,700,22.5,Same length,60,62,Ring finger,February,Fall,No,Yes,Pizza/Pasta,Water,English,8,5,4,Yes - other,In person,4,4,20,5,18,10,4,0,12,5,12,1,0,10,A lot,Graduate degree,Rock and roll,Fly,Happy,Musician or singer,"Wildlife, animals"
USA,NJ,2019,12        ,Female,17,Right-Handed,157.5,21.5,167,1,Car,3, 0.48,49,Dancing,1000,985,500,750,1000,1000,21.5,Same length,86,81,Index finger,June,Summer,No,No,No favorite,Coffee,English,7,8,5,Yes - broadband connection,In person,13,20,5,18,.5,15,2,0,14,6,5,0,15,6,Some,Graduate degree,Heavy metal,Freeze time,Happy,Relative,Education/Youth development
USA,SC,2025,11        ,Female,17,Right-Handed,152.4,22.4,150,1,Bus,30,0.25,20,Dancing,176,428,813,1000,647,1000,22.7,Left foot,71,73,Ring finger,May,Fall,Yes,No,Pizza/Pasta,Water,English,7,3,3,Yes - other,Text messaging,18,22,0,78,10,20,30,0,14,8,67,4,25,5,A lot,Graduate degree,Rhythm and blues (R&B),Telepathy,Happy,Doctor or nurse,"Wildlife, animals"
USA,CA,2018,8         ,Female,13,Right-Handed,162,22,163,1,Car,45,.312,34,Soccer,1000,999,1000,1000,400,500,22,Same length,70,75,Ring finger,August,Winter,Yes,No,Desserts,Milk,Art,7,11,3,Yes - broadband connection,"Myspace, Facebook, other social networking sites, or blog",10,10,6,1,14,9,6,0,6,6,6,1,0,1,A lot,Graduate degree,Pop,Fly,Happy,Friend,Environment
USA,MI,2024,12        ,Male,16,Right-Handed,174,24,166,1,Car,13,.435,58,Golf,400,200,100,700,900,1000,23,Right foot,45,53,Ring finger,March,Summer,No,No,Pizza/Pasta,Water,History,7,10,4,Yes - other,Internet chat or instant messaging,12,40,1,2,3,1,12,6,20,1,30,5,0,3,Some,Graduate degree,Country,Invisibility,Happy,Religious figure,Religious
USA,ID,2020,12        ,Male,21,Right-Handed,181,45,183,2,Walk,5,.5,40,Other,450,20,100,600,800,900,45,Same length,122,130,Ring finger,August,Fall,Yes,No,Meat,Water,Mathematics and statistics,7,8,6,Yes - broadband connection,Text messaging,45,45,21,2,12,0,5,2,14,6,4,5,3,2,Some,Graduate degree,Other,Freeze time,Happy,Relative,Religious
USA,TX,2018,12        ,Female,17,Right-Handed,62.4,23.5,48,1,Car,13,.708,60,Athletics,800,800,800,,,,,,,,,,,,,,,,,,,,,,,,,,,,,,,,,,,,,,,,,
USA,OH,2019,12        ,Female,18,Right-Handed,5'3,25,147,1,Car,4,.43,53,Swimming,578,845,1000,701,476,583,26,Left foot,80,73,Index finger,August,Summer,Yes,No,Meat,Water,English,9,10,5,Yes - broadband connection,Text messaging,100,100,10,6,1,20,.5,0,4,167,85,30,20,4,Some,Graduate degree,Country,Telepathy,Happy,Relative,Health
USA,CA,2018,12        ,Male,16,Right-Handed,176,27,173,2,Car,15,0.313,41,Walking/Hiking,775,717,791,539,727,879,26,Right foot,,,Index finger,September,Winter,No,No,Pizza/Pasta,Water,Science,6,9,3,Yes - broadband connection,Text messaging,30,50,20,1,15,6,12,2,18,6,8,6,9,7,Some,Graduate degree,Rap/Hip hop,Fly,Happy,Actor,Health
USA,AL,2015,12        ,Female,16,Right-Handed,180,26,164,1,Car,15,.698,49,Other,,,,,,,26,Same length,75,72,Index finger,April,Fall,No,No,No favorite,Water,English,6,9,4,Yes - broadband connection,,500,600,18,2,6,5,10,0,16,18,4,2,0,1,A lot,Graduate degree,Other,Telepathy,Happy,Relative,International aid
USA,MI,2019,9         ,Male,14,Right-Handed,131cm,25,162,2,Bus,30 mi,0.732,46 se,Baseball/Softball,1000,1000,1000,1000,500,600,25,Same length,8,9,Index finger,July,Summer,No,No,Poultry,,Physical education,5,1,5,Yes - other,In person,500,,,,,,,,,,,,,,,,,,,,
USA,MI,2024,12        ,Female,17,Right-Handed,173,25,170,1,Car,15,0.817,46,Basketball,500,500,500,500,500,500,25,Same length,115,70,Index finger,June,Summer,No,No,Meat,Sports drink,English,7,10,2,Yes - broadband connection,Text messaging,250,300,6,10,5,7,1,1,15,10,15,3,17,5,Some,Graduate degree,Rap/Hip hop,Invisibility,Rich,Community leader or elder,"Wildlife, animals"
USA,CA,2017,9         ,Male,13,Right-Handed,,2.4,,2,Bus,60,0.3,44,Soccer,492,193,679,1000,588,1000,2.4,Same length,9,10,Ring finger,June,Summer,No,No,Pizza/Pasta,Soft drink (caffeinated),Mathematics and statistics,6,4,6,Yes - other,"Myspace, Facebook, other social networking sites, or blog",1100,500, 30  , 2,10,126,4,80,80,15,168,14,3,3,A lot,Graduate degree,Rap/Hip hop,Invisibility,Happy,Relative,Health
USA,VA,2026,10        ,Female,17,Right-Handed,154.9,23.7,154.9,2,Car,7,0.354,48,Soccer,850,626,818,786,112,267,23.7,Same length,,70,Ring finger,May,Fall,No,,Pizza/Pasta,Soft drink (caffeinated),Science,7,9,5,Yes - other,Text messaging,40,50,10 ,6,5,2,5,0,40,15,60,5,0,5,A lot,High school,Country,Telepathy,Rich,Relative,Health
USA,MI,2022,12        ,Female,17,Right-Handed,,,,2,Bus,10,.368,47,Swimming,1000,1000,1000,898,433,513,,Same length,,,Ring finger,September,Spring,No,No,Pizza/Pasta,Water,Art,7,9,6,Yes - other,Text messaging,50,100,12,1,9,4,2,5,15,15,15,9,0,3,Some,Graduate degree,Punk rock,Telepathy,Rich,Relative,Environment
USA,IA,2020,12        ,Male,17,Right-Handed,178,31,220,1-2,Car,2,.4,12,Football (American),2,4,5,3,6,1,31,Same length,,,Ring finger,December,Fall,No,No,Seafood,Water,Physical education,8,9,3,Yes - other,In person,30,35,6,2,3,4-5,16,5,5,5,5,1,4,2,Some,Graduate degree,Gospel,Invisibility,Famous,Sports person,Health
USA,OH,2014,12        ,Male,17,Right-Handed,185,29,193,1,Car,13,.331,39,Other,492,529,212,431,893,977,29,Same length,81,79,Index finger,June,Fall,Yes,No,Meat,Water,History,7,9,4,Yes - broadband connection,In person,3,3,5,0,19,2,12,2,0,1,6,10,0,2,A lot,Graduate degree,Rock and roll,Freeze time,Happy,Religious figure,Religious
USA,NC,2019,7         ,Male,12,Right-Handed,67cm,29cm,154cm,1,Bus,15,.355,55,Hockey (Field),1000,100,50,100,1000,1000,27cm,Right foot,85,80,Index finger,July,Winter,Yes,No,Meat,Energy drink,Mathematics and statistics,6,4,4,Yes - other,In person,o,0,7,0,1,3,1,6,0,0,6,2,0,1,Very little,High school,Rap/Hip hop,Super strength,Happy,Actor,"Wildlife, animals"
USA,NC,2021,12        ,Male,17,Right-Handed,183,29.2,195,2,Car,10,.256,38,Swimming,680,800,550,500,200,200,29.2,Same length,762,780,Ring finger,June,Fall,No,No,Seafood,Water,Science,6,10,4,Yes - broadband connection,Internet chat or instant messaging,8,10,6,1,14,16,14,12,4,1,16,8,25,5,Some,Graduate degree,Rock and roll,Freeze time,Healthy,Relative,Education/Youth development
USA,MA,2018,12        ,Male,18,Right-Handed,58,9.5,58,2,Car,15 ,5.9,122,Soccer,0,500,200,600,400,900,20,Same length,5,2,Ring finger,February,Winter,,,,,,,,,,,,,,,,,,,,,,,,,,,,,,,
USA,NC,2025,12        ,Female,18,Right-Handed,169,24,170,1,Bus,15,0.497,47,Athletics,1000,0,1000,1000,0,1000,25,Left foot,7.2,7.3,Ring finger,August,Summer,No,No,Rice/Noodle dishes,Juice,Science,7,10,7,Yes - other,Text messaging,24,30,3,,,,,,,,,,,,,,,,,,
USA,AR,2017,7         ,Male,14,Right-Handed,169,25,170,1,Bus,30,383,43,Dancing,289,,,,,,,,,,,,,,,,,,,,,,,,,,,,,,,,,,,,,,,,,,,
USA,CA,2011,12        ,Female,17,Right-Handed,160.0,23,130,1,Bus,20,.265,31,Lacrosse,500,500,600,,500,500,23,Same length,70,74,Ring finger,December,Winter,Yes,No,Soups,Water,Science,7,7,6,Yes - broadband connection,Text messaging,200,200,13,.25,3,10,2,8,6,56,6,1,0,4,Some,Graduate degree,Pop,Freeze time,Happy,Relative,Health
USA,WA,2019,11        ,Male,16,Right-Handed,173,27,170,1,Walk,15,0.468,52,Skateboarding/Rollerblading,802,513,519,529,797,793,27,Same length,10.16,7.62,Index finger,May,Summer,Yes,No,Meat,Juice,Art,8-10,10-12,3,Yes - broadband connection,Internet chat or instant messaging,100's,100's,24,1-3,1,72,5,24,25,25,25,2-10,0,5,A lot,Some college,Other,Fly,Happy,Business person,"Arts, culture, sports"
USA,CA,2018,12        ,Male,17,Right-Handed,177.8,25,171,2,Car,10,0.437,34,Athletics,1000,700,750,700,900,1000,25,Same length,8,9,Ring finger,January,Fall,No,No,Pizza/Pasta,Water,English,5,9,3,Yes - broadband connection,Text messaging,10,30,5,0,30,5,0,0,45,3,45,1,0,2,Some,Graduate degree,Pop,Invisibility,Rich,Actor,Health
USA,NJ,2023,10        ,Male,17,Right-Handed,175.2,26,175.2,1,Car,8,.31,35,Football (American),599,535,663,497,187,182,26,Same length,80,75,Ring finger,April,Fall,No,No,Meat,Water,Music,6,8,5,Yes - other,In person,5,5,6,0,1,9,14,1,2,1,2,2,12,1,Some,High school,Classical,Super strength,Happy,Relative,Education/Youth development
USA,OH,2020,12        ,Female,19,Right-Handed,170,9.5,158,1,Bicycle,4,0.339,57,Skateboarding/Rollerblading,503,492,1000,1000,118,123,9.2,Right foot,57.15,56,Index finger,April,Fall,No,Yes,Rice/Noodle dishes,Coffee,Art,7,10,5,Yes - other,In person,13,74,21,4,5,0,4,7,9,6,20,0,28,0,Very little,High school,Techno/Electronic,Telepathy,Happy,Friend,International aid
USA,GU,2014,9         ,Female,15,Right-Handed,155,23,155,2,Other,5,1.435,76,Other,999,998,997,996,450,50,22,Right foot,75,84,Ring finger,December,Summer,No,No,Fruit,Other,Music,5 ,9,6,Yes - other,"Myspace, Facebook, other social networking sites, or blog",150,125,40,5,10,25,50,1,9,10,5,15,25,35,A lot,Other,Pop,Invisibility,Happy,Musician or singer,"Arts, culture, sports"
USA,CA,2018,12        ,Male,17,Right-Handed,172.7,27.3,171,2,Car,10,0.327,10.3,Other,1000,1000,1000,1000,1000,1000,27.3,Same length,108,102,Ring finger,April,Winter,No,No,Meat,Water,Computers and technology,5,4,3,Yes - broadband connection,Cell phone,15,25,8,2,6,5,5,12,1,2,15,0,12,4,Very little,Graduate degree,Other,Freeze time,Healthy,Other,Environment
USA,MI,2024,12        ,Female,18,Left-Handed,5'2,8,2'0,1,Car,15,0.408,36,Athletics,,,,,,,7,Right foot,3,3,Same length,August,Summer,No,No,Meat,Water,Other,6,3,7,Yes - broadband connection,Text messaging,3,6,8,24/7,0,0,0,4,8,24/7,8,0,9,8,Very little,Some college,Rap/Hip hop,Invisibility,Rich,Other,"Wildlife, animals"
USA,NH,2025,12        ,,,,,,,,,,,,,,,,,,,,,,,,,,,,,,,,,,,,,,,,,,,,,,,,,,,,,,,,
USA,GA,2021,12        ,Male,17,Right-Handed,167.8,22.86,165.1,1,Car,15,0.473,51,Lacrosse,888,889,900,887,850,870,22.86,Same length,76.2,76.2,Same length,October,Fall,No,No,Seafood,Tea,English,6,8,3,Yes - broadband connection,Text messaging,0,0,13,1,2,10,8,8,8,10,15,3,0,8,A lot,Graduate degree,Rap/Hip hop,Fly,Rich,Friend,Health
USA,OR,2024,7         ,Female,13,Right-Handed,168,24,162.5,2,Bus,30,0.402,48,Other,7,7,8,9,8,9,23,Right foot,70,75,Ring finger,October,Winter,No,No,Desserts,Water,Social studies,7.5,6,5,Yes - other,In person,20,15,2,.5,.5,2,.5,0,4,.5,10,0,10,5,Some,Graduate degree,Other,Freeze time,Rich,Other,Health
USA,CO,2021,12        ,Female,16,Right-Handed,170.2,25.4,170.2,2,Car,10-15,0.314,50,Dancing,1000,1000,1000,1000,0,0,25.4,Same length,80,80,Same length,February,Fall,Yes,No,Meat,Water,Other,9,7,4,Yes - other,"Myspace, Facebook, other social networking sites, or blog",120,67,0,5,2,8,12,0,7,2,15,1-2,0,3,A lot,Graduate degree,Other,Fly,Healthy,Business person,International aid
USA,TN,2016,12        ,Female,16,Right-Handed,169,25,168,2,Car,10,.311,41,Soccer,515,745,443,621,657,736,25,Same length,85,91,Same length,July,Summer,No,No,Seafood,Water,Mathematics and statistics,7,10,3,Yes - broadband connection,Text messaging,5,5,6,0,14,3,6,2,0,0.1,6,1,0,2,Some,Graduate degree,Other,Invisibility,Rich,Other,"Wildlife, animals"
USA,NJ,2021,12        ,Female,17,Right-Handed,5'5,22.2,145,1,Car,0,0.369,36,Athletics,1000,1000,1000,1000,500,500,22,Right foot,70,75,,March,Spring,No,No,Seafood,Coffee,History,7,9,5,Yes - broadband connection,Text messaging,200,800,15,1,20,7,21,0,5,2,30,5,20,1,A lot,Undergraduate degree,Rap/Hip hop,Telepathy,Rich,Business person,"Arts, culture, sports"
USA,MA,2021,12        ,Male,17,Right-Handed,178,26,179,1,Car,7,.399,29,Football (American),500,100,0,750,500,500,26,Same length,80,90,Ring finger,April,Winter,No,No,Meat,Water,Other,6.5,9,4,Yes - broadband connection,"Myspace, Facebook, other social networking sites, or blog",140,166,22,7,10,1,8,2,6,1.3,3,5,0,1,None,High school,Rap/Hip hop,Freeze time,Rich,Musician or singer,Other
USA,NH,2019,8         ,Female,13,Right-Handed,159,22,150,2,Bus,15,0.472,41,Other,578,348,909,610,59,160,22.5,Left foot,60,70,Ring finger,August,Winter,No,No,Fruit,Water,English,7-8,12,6,Yes - broadband connection,"Myspace, Facebook, other social networking sites, or blog",40,45,38,8,5,4,2,1,24,28,26,13,0,10,Some,Undergraduate degree,Rap/Hip hop,Telepathy,Healthy,Actor,Health
USA,MA,2018,12        ,Female,17,Right-Handed,154.9,21.5,155,1,Car,15,1.079,71,Baseball/Softball,674,658,679,525,267,345,21.5,Same length,63.5,65,Index finger,March,Summer,Yes,,,,,,,,,,75,79,14,12,4,5,2,0,10,24,14,21,40,0,A lot,Graduate degree,Pop,Invisibility,Happy,Relative,Health
USA,KS,2018,12        ,Male,17,Right-Handed,182,29,186,1,Car,7,.296,37,Football (American),400,356,5,200,500,750,29,Same length,80,85,Ring finger,March,Fall,Yes,No,Meat,Water,Physical education,8,10,4,Yes - broadband connection,Cell phone,49,54,10,1,2,2,20,5,2,5,20,10,5,2,Some,Undergraduate degree,Rap/Hip hop,Invisibility,Rich,Sports person,Health
USA,MA,2018,12        ,Female,17,Right-Handed,"5'3""",22cm,98cm,2,Bus,20,0.46,0.40,Soccer,1000,700,900,900,500,1000,21cm,Right foot,70mm,75mm,Ring finger,March,Summer,No,No,Other,Water,Other,9,6,5,Yes - other,Cell phone,36,49,6,10,10,2,1,1,15,22,22,10,20,0,Some,Graduate degree,Rap/Hip hop,Freeze time,Rich,Relative,"Wildlife, animals"
USA,AZ,2011,11        ,Female,16,Right-Handed,166,24,155,1,Car,35,0.328,50,Other,497,604,749,,1000,1000,23,,,,,,,,,,,,,,,,,,,,,,,,,,,,,,,,,,,,,
USA,MI,2015,12        ,Female,17,Right-Handed,,23,,1,Car,10,.35,45,Baseball/Softball,,,,,,,,,,,,April,Fall,No,No,Pizza/Pasta,Water,English,7,10,4,Yes - broadband connection,Text messaging,200,200,16,3,5,3,0,4,6,7,7,3,7,0,Some,Graduate degree,Punk rock,Fly,Happy,Relative,Health
USA,ID,2020,12        ,Male,22,Right-Handed,178,30,180,2,Car,8,.29,41,Soccer,3,5,6,2,4,1,30,Same length,76,71,Index finger,January,Summer,No,No,Meat,Soft drink (caffeinated),Physical education,5,12,2,Yes - broadband connection,Text messaging,4,18,2,2,36,6,2,4,24,2,60,15,40,2,A lot,Graduate degree,Other,Freeze time,Rich,Musician or singer,"Arts, culture, sports"
USA,SC,2022,11        ,Female,18,Right-Handed,163,23,163,1,Car,25,0.452,51,Other,600,400,750,450,50,998, 20,Right foot,76,64,Index finger,April,Fall,No,No,Vegetables,Soft drink (caffeinated),Mathematics and statistics,6,8,5,Yes - broadband connection,"Myspace, Facebook, other social networking sites, or blog",25,20,4,4,6,5,1,0,7,5,7,2,25,4,A lot,High school,Rap/Hip hop,Fly,Happy,Relative,Health
USA,TX,2016,12        ,Female,18,Right-Handed,172,26,187,1,Car,20,0,0,Other,0,0,0,0,0,0,24,Right foot,70,70,Same length,September,Fall,Yes,No,Meat,Water,Science,5,12,4,Yes - broadband connection,Text messaging,143,178,10,0,1,7,21,0,6,6,168,8,8,1,Very little,Graduate degree,Rap/Hip hop,Telepathy,Happy,Friend,Health
USA,MI,2019,9         ,Female,14,Right-Handed,172,25,159,1,Car,45,0.702,61,Other,,,,,,,25,Same length,600,700,Ring finger,March,Summer,Yes,No,Salads,Water,Science,9,10-15,4,Yes - other,Text messaging,60,159,17,1,10,12,8,1,4,6,1,10,0-3,3,Some,Other,Country,Telepathy,Happy,Relative,Education/Youth development
USA,ID,2020,12        ,Male,24,,,,,,,,,,,,,,,,,,,,,,,,,,,,,,,,,,,,,,,,,,,,,,,,,,,,,,
USA,CA,2020,12        ,Male,17,Right-Handed,5'5,23,175,1,Bus,48,0.379,52,Basketball,770,540,588,535,989,1000,23,Right foot,75,76,Ring finger,October,Summer,Yes,No,Poultry,Sports drink,English,6 ,8,4,Yes - broadband connection,Text messaging,23,30,3,15,9,9,2,15,40,20,21,30,1,3,Some,Graduate degree,Rap/Hip hop,Telepathy,Famous,Musician or singer,International aid
USA,RI,2013,6         ,Male,11,Right-Handed,149,24,153,1,Car,10,.315,41,Hockey (Ice),1000,1000,1000,1000,1000,1000,25,Left foot,83,85,Ring finger,July,Summer,No,No,Meat,Milk,Physical education,9.5,9.5,4,Yes - broadband connection,In person,4,4,12,2,3,48,15,7,0,1,24,10,0,3,Some,Some college,Heavy metal,Freeze time,Rich,Relative,Health
USA,NC,2024,9         ,Female,14,Right-Handed,159.5,22.5,163.5,1,Car,27,.675,,,,,,,,,,,,,,,,,,,,,,,,,,,,,,,,,,,,,,,,,,,,,,
USA,AZ,2012,12        ,Female,17,Right-Handed,160,21,154,1,Car,3,0.391,39,Walking/Hiking,1000,900,600,500,300,400,20,Same length,74,76,Ring finger,November,Fall,No,Yes,Fruit,Water,Art,4.5,6,5,Yes - broadband connection,Text messaging,30,35,15,1,7,15,1,0,2,2,5,3,0,4,A lot,Graduate degree,Rock and roll,Fly,Happy,Musician or singer,"Wildlife, animals"
USA,NE,2013,9         ,Male,15,Right-Handed,175,25,177,1,Car,15 ,.353,45,Baseball/Softball,100,50,999,998,1000,1000,25,Same length,80,70,Index finger,August,Summer,Yes,No,No favorite,Sports drink,Mathematics and statistics,,13,4,Yes - other,Text messaging,5,0,8,0,4,2,6,1,1,1,5,5,0,0,A lot,Graduate degree,Country,Invisibility,Happy,Relative,Health
USA,OH,2016,12        ,Male,24,Right-Handed,182,30,187,1,Car,15,.403,36,Walking/Hiking,200,300,200,400,1000,1000,30,Same length,50,52,Ring finger,April,Fall,No,No,Seafood,Water,Music,6.5,7.5,1,Yes - other,Text messaging,10,15,2,0,2,0,1,0,3,1,10,10,40,8,Very little,Graduate degree,Jazz,Telepathy,Healthy,Coach or club leader,Health
USA,IN,2014,12        ,Male,17,Right-Handed,182,28,193,2,Car,25,,,Running/Jogging,1000,,,,,,,,,,,,,,,,,,,,,,,,,,,,,,,,,,,,,,,,,,,
USA,ID,2024,12        ,Male,18,Right-Handed,182,400,186,1,Car,10,.23,28,Other,5,6,3,4,2,1,400,Same length,100,101,Ring finger,January,Winter,No,No,Poultry,Water,Physical education,6,8,6,Yes - dial-up connection,In person,50,50,,4,0,,,,,,,,,,,,,,,,
USA,VA,2025,12        ,Male,16,Right-Handed,162.5,28,152,1,Bus,25,0.488,51,None,9000,500,200,200,6000,8000,30,Left foot,8,9,Ring finger,April,Spring,Yes,No,Pizza/Pasta,Water,Art,8,12,4,Yes - other,Text messaging,63,84,8,0,3,28,0,14,96,48,24,6,0,6,A lot,Some college,Heavy metal,Fly,Happy,Teacher,Environment
USA,SC,2015,12        ,Female,17,Right-Handed,157,21,152,2,Car,12,0.301,41,Athletics,786,770,1000,1000,0,406,20,Right foot,65,55,Index finger,February,Summer,No,No,Meat,Milk,Mathematics and statistics,10,7,4,Yes - broadband connection,Text messaging,120,150,6,1,14,12,14,0,30,56,80,21,20,2,A lot,Graduate degree,Classical,Super strength,Happy,Teacher,Health
USA,SD,2023,8         ,Male,14,Right-Handed,165,24,160,1,Car,10,,,Basketball,1000,800,900,700,0,600,24,Same length,10,10.5,Ring finger,July,Spring,Yes,No,Seafood,Water,Physical education,7,6,4,Yes - broadband connection,Text messaging,40,50,35,15,5,2,3,7,1,4,5,5,0,14,Some,Some college,Country,Invisibility,Rich,Relative,Environment
USA,NY,2026,11        ,Female,16,Right-Handed,,,,1,Bus,10,0.532,32,Other,1000,650,1000,900,700,1000,,Right foot,,,Index finger,December,Summer,No,No,Pizza/Pasta,Water,Art,7,7,6,Yes - broadband connection,Text messaging,50,100,,8,14,4,10,3,0,7,7,6,0,0,Some,Undergraduate degree,Pop,Telepathy,Happy,Actor,International aid
USA,IA,2020,12        ,Female,16,Right-Handed,166,22,163,4,Car,15,0.451,40,Running/Jogging,1000,850,970,860,500,500,22,Same length,60,70,Ring finger,December,Spring,Yes,No,Fruit,Water,History,8,10,4,Yes - broadband connection,Text messaging,150,500,20,5,7,10,12,2,15,25,30,23,0,8,Some,Graduate degree,Pop,Invisibility,Happy,Politician,International aid
USA,NY,2023,12        ,Female,17,Right-Handed,168,25,170,3,Walk,15,0.315,30,,700,600,500,300,150,200,23,Right foot,,,,January,Summer,Yes,No,Rice/Noodle dishes,Water,Mathematics and statistics,7.5,9.25,5,Yes - broadband connection,In person,50,430,15,2,,,,,,,,,,,Some,Graduate degree,Rhythm and blues (R&B),Telepathy,Rich,,Health
USA,SC,2017,11        ,Male,16,Right-Handed,187,28,193,2,Bus,27,0.355,39,Other,829,829,866,925,914,668,28,Same length,76.2,76.2,Same length,May,Summer,No,No,Fruit,Water,Art,6,9,5,Yes - broadband connection,Cell phone,6,14,10,1,24,10,18,0,2,2,10,6,0,20,Some,Graduate degree,Rhythm and blues (R&B),Super strength,Happy,Business person,"Arts, culture, sports"
USA,NC,2023,12        ,Male,17,Right-Handed,180,25.4,160,1,Car,15,0.62,61,Swimming,1000,775,1000,900,350,900,25,Right foot,88,89,Ring finger,February,Spring,Yes,No,Meat,Soft drink (caffeinated),Art,8,13,11,Yes - broadband connection,Text messaging,10,50,0,1,0,0,0,10,25,2,4,10,40,5,A lot,High school,Rap/Hip hop,Invisibility,Happy,Relative,Environment
USA,TX,2016,12        ,Male,17,Left-Handed,175,178,180,1,Car,8,,,Athletics,0,0,0,0,1000,1000,175,Right foot,80,80,Same length,March,Fall,No,No,Other,Water,Physical education,8,8,6,Yes - broadband connection,Text messaging,10,10,0,0,0,4,35,0,0,1,5,5,0,3,Very little,Graduate degree,Other,Invisibility,Famous,Relative,Religious
USA,PA,2011,12        ,Female,17,Right-Handed,181,28,177,1,Car,12,.313,32,Other,800,800,700,,700,700,28,Same length,90,80,Ring finger,March,Winter,No,No,Pizza/Pasta,Milk,English,7,9,3,Yes - broadband connection,Text messaging,200,200,20,3,20,20,18,0,4,4,4,2,0,5,A lot,Graduate degree,Pop,Fly,Happy,Sports person,International aid
USA,MD,2023,12        ,Female,17,Right-Handed,165,31,165,1,Bus,15,.474,66,Other,877,471,957 ,1000,802,936,31,Same length,8,8,Same length,February,Summer,No,No,Breads/Sandwiches,Water,English,7,8,6,No internet connection,Cell phone,65,70,5,3,15,2,10,0,6,2,14,10,0,10,A lot,Graduate degree,Rap/Hip hop,Freeze time,Happy,Business person,Education/Youth development
USA,VA,2024,7         ,Male,,Right-Handed,168.5,23.86,164,1,Bus,10,.216,32,Basketball,1000,850,600,420,600,900,23.86,Same length,80,80,Same length,September,Summer,No,No,Seafood,Soft drink (caffeinated),Geography,9,7,5,Yes - broadband connection,In person,100,120,8,1,0,5,4,2,1,1,4,6,0,1,Very little,Graduate degree,Rap/Hip hop,Super strength,Happy,Other,Environment
USA,UT,2017,12        ,Male,16,Left-Handed,184,30 ,170,2,Car,10,3,45,Soccer,210,8,9,25,12,11,30,Right foot,6,8,Same length,July,Summer,No,No,Seafood,Sports drink,Languages,7,5,5,Yes - broadband connection,Cell phone,20,1,4,2,1,0,3,1,1,1,1,1,1,1,A lot,Graduate degree,Rap/Hip hop,Super strength,Famous,Sports person,Other
USA,OK,2015,12        ,Female,16,Right-Handed,163,23,160,2,Bus,23,.799,57,Other,800,800,800,800,1000,1000,23,Same length,70,70,Same length,July,Fall,No,Yes,Salads,Water,English,8,10,3,No internet connection,Internet chat or instant messaging,0,0,10,3,15,30,10,0,25,3,68,6,5,70,A lot,Graduate degree,Rock and roll,Invisibility,Healthy,Religious figure,International aid
USA,CA,2016,12        ,Female,17,Left-Handed,165,21,159,2,Walk,6,,63,Basketball,70,100,100,100,80,100,19,Right foot,,,,March,Winter,Yes,No,Pizza/Pasta,Water,Mathematics and statistics,8,6,5,Yes - other,Text messaging,500,600,4,2,1 ,10,3,1,8,9,3,1,1,1,Some,Other,Pop,,,,Health
USA,CA,2016,7         ,Female,12,Right-Handed,163,26,63,4,Car,9,.824,43,Dancing,8900,8500,9000,9000,1000,1000,25.5,Left foot,74,85,Ring finger,October,Summer,No,No,Pizza/Pasta,Juice,Physical education,7,11,5,Yes - other,Internet chat or instant messaging,40,26,50,3,7,10,3,.5,4,8,28,15,2,3,Some,Graduate degree,Pop,Fly,Happy,Doctor or nurse,International aid
USA,CA,2023,12        ,Female,17,Right-Handed,157,24,151,2,Bus,53,0.401,0.455,None,900,900,900,900,500,600,24,Same length,63.5,71.2,Ring finger,December,Summer,No,No,Desserts,Water,Science,5,7,5,Yes - other,Text messaging,100,100,7,1,9,3,0,0,2,8,34,16,4,0,Some,Graduate degree,Rhythm and blues (R&B),Freeze time,Rich,Relative,Health
USA,AL,2023,12        ,Female,18,Right-Handed,5'4,9,163,1,Car,25,0.361,53,Other,50,1000,700,700,500,10000,8,Same length,1,1,Same length,February,Summer,No,No,Pizza/Pasta,Soft drink (caffeinated),Other,7,8,4,Yes - dial-up connection,Internet chat or instant messaging,20,10,1 h,24/7,0,2,2,1,24/7,24/7,24/7,24/7,6,1,None,Some college,Country,Telepathy,Happy,Friend,Health
USA,KS,2011,12        ,Female,17,Right-Handed,165,24,165,2,Car,5,.381,48,Other,829,701,642,,176,642,25,Left foot,79,77,Index finger,September,Fall,No,No,Seafood,Water,Other,6,10,5,Yes - broadband connection,In person,300,300,7,1,20,40,2,.5,42,84,84,2,0,1,A lot,Graduate degree,Country,Freeze time,Happy,Coach or club leader,Education/Youth development
USA,GU,2014,8         ,Female,13,Right-Handed,162,23,150,1,Car,15,0.689,36,Cycling,1000,999,999,999,500,100,23,Same length,75,77,Same length,September,Fall,Yes,No,Pizza/Pasta,Water,Mathematics and statistics,7,10,5,Yes - broadband connection,E-mail,0,0,14,0,20,50,2,2,0,0,7,2,0,50,Some,Graduate degree,Rock and roll,Telepathy,Happy,Teacher,Education/Youth development
USA,TX,2016,5         ,Female,10,Right-Handed,129.5,20,123,2,Bus,5,53,64,Swimming,10000,10000,1000,100,90,90,20,Same length,4,4,Same length,June,Summer,No,No,Other,Water,Social studies,10,17,6,Yes - other,Internet chat or instant messaging,1,17,2,7,8,,,,,,,,,,,,,,,,
USA,NC,2020,12        ,Female,15,Right-Handed,176,23,170,2,Car,20,.45,35,Running/Jogging,950,980,900,850,900,990,23,Same length,50,49,Index finger,June,Summer,No,No,Desserts,Coffee,Mathematics and statistics,7,8,5,Yes - broadband connection,"Myspace, Facebook, other social networking sites, or blog",15,25,50,8,15,6,13,2,15,2,6,5,0,3,A lot,Undergraduate degree,Rap/Hip hop,Fly,Happy,Actor,Health
USA,MA,2024,6         ,Female,12,Right-Handed,147,18,144,1,Bus,15,0.372,40,Other,1000,615,615,829,604,600,18,Same length,80,70,Index finger,December,Fall,No,No,Seafood,Water,English,9hour,11,4,Yes - other,Text messaging,20,200,48,1,10,50,11,2,6,5,5,4,3or4,2,A lot,Graduate degree,Pop,Fly,Happy,Coach or club leader,"Wildlife, animals"
USA,IN,2020,11        ,Female,15,Right-Handed,,,,2,Car,5 min,.64,58,Other,96,176,59,53,659,1000,,Same length,,,Ring finger,November,Summer,No,No,Desserts,Soft drink (caffeinated),Mathematics and statistics,6-8,6-10,4,Yes - broadband connection,In person,5,8,60,60,5,12,6-9,5,2,4,50,50,.3,1,Very little,Other,Pop,Fly,Happy,Relative,Education/Youth development
USA,ID,2019,12        ,Male,24,Left-Handed,170,23,169,2,Car,5,0.303,55,Martial Arts,1000,420,399,69,1000,1000,23,Same length,677,679,Ring finger,November,Spring,No,No,Meat,Water,Computers and technology,8,8,6,Yes - broadband connection,Text messaging,15,15,15,2,40,2,5,12,10,1,3,3,0,1,A lot,Graduate degree,Rock and roll,Super strength,Happy,Religious figure,Health
USA,NC,2026,12        ,Female,17,Right-Handed,177,27,180,1,Walk,43,0.862,38,Athletics,600,600,500,500,600,750,28,Left foot,78,80,Ring finger,July,Summer,No,No,Desserts,Water,Science,6,7,7,Yes - broadband connection,Cell phone,10,,,,,,,,,,,,,,,,,,,,
USA,ID,2021,12        ,Female,21,Right-Handed,168,21,167,1,Walk,10,.331,46,Tennis,267,412,321,241,668,807,21,Same length,70,70,Same length,June,Summer,No,No,Pizza/Pasta,Water,Art,8,9,4,Yes - broadband connection,Text messaging,30,30,40,7,30,40,6,0,,,,8,0,5,Some,Undergraduate degree,Country,Fly,Happy,Business person,Education/Youth development
USA,GA,2018,9         ,Male,14,Ambidextrous,175,28.25,177.8,2,Car,10,0.211,37,Basketball,700,500,750,800,890,750,28,Right foot,7.5,,,,,,,,,,,,,,,,,,,,,,,,,,,,,,,,,,,
USA,WA,2017,9         ,Female,14,Right-Handed,170,24,189,1,Bus,5,0.346,64,Dancing,1000,2,100,500,20,100,25,Left foot,8,7,Ring finger,March,Winter,No,No,Pizza/Pasta,Other,English,8,10,6,Yes - broadband connection,Text messaging,6,7,30,10,5,15,3,0,15,20,3,1,0,25,Some,Some college,Pop,Invisibility,Happy,Relative,Education/Youth development
USA,SC,2022,11        ,Female,17,Right-Handed,147,20,140,1,Car,15min,0.338,28sec,Walking/Hiking,600,600,600,700,800,900,20,Same length,6.35,6.35,Same length,June,Spring,Yes,No,Rice/Noodle dishes,Tea,Science,6-8,6,6,Yes - broadband connection,Text messaging,30,50,5-6,100+,60,50,40,10,50,70,95,70,36,10,A lot,Other,Country,Telepathy,Happy,Relative,"Wildlife, animals"
USA,IN,2021,12        ,Male,17,Right-Handed,175.2,27.94,177.8,1,Car,10,0.313,47,Other,765,866,524,626,572,433,26.67,Right foot,81.28,78.74,Index finger,May,Winter,No,No,Pizza/Pasta,Water,,8,10,5,Yes - broadband connection,Cell phone,2,3,0,3,30,15,10,30,20,5,40,20,5,1,Some,Some college,Jazz,Fly,Famous,Business person,International aid
USA,SC,2017,11        ,Male,16,Right-Handed,183,26,181,1,Boat,20,0.407,36,Other,0,12,0,50,988,40000,27,Left foot,9,8,Index finger,May,Spring,No,No,Pizza/Pasta,Soft drink (caffeinated),History,7,12,3,Yes - broadband connection,In person,3,4,2,0,1.25,0,0,15,0,0,13,4,0,4,Very little,Graduate degree,Classical,Invisibility,Happy,Friend,"Arts, culture, sports"
USA,OH,2019,8         ,Female,13,Right-Handed,165,24,163,1,Car,6,0.411,39,Athletics,572,570,422,545,668,743,23,Right foot,83,85,Ring finger,June,Summer,No,No,Poultry,Water,Art,7,10,3,Yes - other,In person,210,230,50,2,14,40,14,1,11,10,2,2,0,1,A lot,Graduate degree,Pop,Fly,Happy,Relative,Health
USA,IN,2024,12        ,Male,17,Ambidextrous,178,28,180,1,Bus,15,.296,47,Skateboarding/Rollerblading,599,385,241,684,449,897,29,,76,81,Ring finger,May,Winter,Yes,No,Other,Milk,Art,6,10,5-6,Yes - broadband connection,Internet chat or instant messaging,54,62,13,1,3,5,6,9,2,5,7,3,22,4,A lot,Some college,Other,Freeze time,Rich,Actor,"Wildlife, animals"
USA,WA,2020,12        ,,,,,,,,,,,,,,,,,,,24.9,Same length,6.86,6.86,Same length,October,Fall,No,No,Meat,Juice,Computers and technology,5,8,4,Yes - broadband connection,Text messaging,32,32,,,,,,,,,,,,,Some,High school,Rap/Hip hop,Freeze time,Rich,Other,International aid
USA,NY,2016,12        ,Male,16,Right-Handed,173,28,175,1,Rail (Train/Tram/Subway),45,.696,48,Walking/Hiking,1000,1000,1000,1000,500,800,28,Same length,101,96,Index finger,November,Fall,No,No,Breads/Sandwiches,Water,Computers and technology,6,10,4,Yes - broadband connection,"Myspace, Facebook, other social networking sites, or blog",6,10,4,0,14,2,0,12,2,1,18,0,8,3,Some,Graduate degree,Classical,Freeze time,Happy,Musician or singer,"Arts, culture, sports"
USA,OR,2019,10        ,Male,17,Right-Handed,175,25,172,2,Car,7,.216,39,Baseball/Softball,500,500,750,500,750,750,25,Same length,99,105,Ring finger,January,Summer,No,No,Rice/Noodle dishes,Juice,Mathematics and statistics,8,8,3,Yes - broadband connection,Text messaging,50,50,15,1,1,5,15,15,5,5,10,10,20,1,Very little,Graduate degree,Rap/Hip hop,Invisibility,Happy,Relative,"Arts, culture, sports"
USA,IN,2019,12        ,Female,17,Right-Handed,155,,,2,Car,25,.2,33,Running/Jogging,1000,727,727,727,278,529,28,Same length,76,88,Ring finger,February,Summer,No,No,Pizza/Pasta,Water,Science,5,9,4,Yes - broadband connection,Internet chat or instant messaging,20,20,5,0,3,1,21,2,6,1,40,0,6,7,A lot,Graduate degree,Other,Freeze time,Happy,Musician or singer,"Wildlife, animals"
USA,PA,2021,12        ,Female,17,Right-Handed,160,24,155,1,Car,8,0.309,40,Tennis,904,652,283,422,802,1000,24,Same length,70,60,Index finger,September,Summer,No,No,Fruit,Water,Social studies,7,6,5,Yes - other,"Myspace, Facebook, other social networking sites, or blog",50,100,25,1,12,5,10,0,15,8,10,10,20,1,A lot,Graduate degree,Country,Invisibility,Happy,Other,International aid
USA,IL,2014,8         ,Male,13,Right-Handed,175.3,26,170,1,Bus,20,.399,48,Football (American),500,500,500,500,1000,1000,26,Same length,75,70,Index finger,April,Summer,No,No,Meat,Milk,Computers and technology,7,3,4,Yes - broadband connection,In person,15,18,10,3,5,4,10,7,1,5,7,5,2,3,Some,Graduate degree,Country,Telepathy,Happy,Sports person,"Arts, culture, sports"
USA,UT,2013,12        ,Male,16,Ambidextrous,172.7,27.6,190.5,1,Skateboard/Scooter/Rollerblade,10,0.311,40,Skateboarding/Rollerblading,0,422,663,588,401,241,27.6,Same length,138,153,Ring finger,July,Summer,Yes,No,No favorite,Juice,Music,6,3,7,Yes - other,Text messaging,5,5,69,0,14,6,24,55,60,68,57,65,0,8,None,High school,Rap/Hip hop,Freeze time,Happy,Musician or singer,Health
USA,KS,2013,12        ,Female,17,Right-Handed,178,26,125,2,Car,4,.578,52,Other,0,0,0,0,500,1000,26,Left foot,7.9,9.2,Ring finger,March,Fall,No,Yes,Vegetables,Tea,Mathematics and statistics,6,10,3,Yes - broadband connection,Text messaging,15,20,8,2,20,12,1,0,25,20,27,1,15,3,A lot,Graduate degree,Country,Fly,Rich,Politician,Other
USA,SC,2021,11        ,Male,16,Right-Handed,170,22.86,50.8,1,Car,15,0.414,51,Martial Arts,100,50,70,40,12,16,50.8,Same length,35,10,Same length,July,Winter,Yes,No,Meat,Tea,Science,3,0,3,Yes - broadband connection,Cell phone,none,none,6,6,3,0,0,24,2,4,24,4,0,1,Some,Some college,Other,Super strength,Happy,Other,Other
USA,IN,2025,12        ,Male,18,Right-Handed,178,25.4,168,1,Bus,10,0.304,37,Swimming,1000,1000,1000,1000,209,503,25.3,Right foot,12.7,15.24,Ring finger,May,Fall,No,No,Rice/Noodle dishes,Energy drink,Physical education,8,10,6,Yes - broadband connection,Text messaging,30,40,6,0,3,5,3,9,7,4,6,3,0,1,A lot,High school,Pop,Fly,Rich,Musician or singer,"Arts, culture, sports"
USA,IA,2014,11        ,Male,16,Right-Handed,185,28,184.6,1,Car,8,0.375,49,Running/Jogging,900,800,700,800,500,800,28.3,Left foot,85,86,Ring finger,October,Summer,No,No,Meat,Water,Other,9,9,6,Yes - broadband connection,"Myspace, Facebook, other social networking sites, or blog",25,30,8,1,5,15,6,0,10,3,12,3,5,10,A lot,Graduate degree,Pop,Telepathy,Happy,Relative,"Wildlife, animals"
USA,GA,2023,12        ,Female,17,Right-Handed,170,25,170,1,Car,2 ,0.407,43,Swimming,1000,802,604,898,219,401,25,Same length,75,65,Index finger,January,Winter,Yes,Yes,Pizza/Pasta,Water,Science,7,9,4,Yes - broadband connection,Text messaging,50,60,5,3,1,4,1,0,10,4,4,12,0,2,Very little,Graduate degree,Pop,Fly,Happy,Teacher,"Wildlife, animals"
USA,CA,2023,11        ,Male,16,Right-Handed,180,11.67,183,1,Car,7,.337,36,Soccer,85,73,71,71,75,75,11.67,Same length,35,45,Ring finger,October,Winter,No,No,Other,Water,Computers and technology,9,7,4,Yes - dial-up connection,Text messaging,120,120,7,1,0,2,9,4,0,3,3,6,0,2,Some,Graduate degree,Rap/Hip hop,Freeze time,Healthy,Friend,"Wildlife, animals"
USA,IA,2018,12        ,Female,17,Right-Handed,162.5,23,174,2,Car,21,0.505,47,Tennis,807,802,492,492,0,487,23,Same length,70.5,70,Index finger,May,Summer,Yes,No,Poultry,Sports drink,Other,7.5,,5,Yes - other,Text messaging,75,100,3 ,.5,10,2,0,0,4,3,6,2,9,0,A lot,Graduate degree,Country,Invisibility,Healthy,Relative,Environment
USA,SC,2018,11        ,Male,15,Right-Handed,72,10,72,1,Car,20,.416,63,Swimming,900,800,1000,500,500,950,10,Same length,32,35,Ring finger,April,Fall,No,No,Meat,Water,English,9,10,5,Yes - broadband connection,Text messaging,4,15,60,1,5,10,60,1,4,5,10,3,3,1,A lot,Graduate degree,Rock and roll,Freeze time,Happy,Relative,"Wildlife, animals"
USA,CT,2013,12        ,Female,17,Left-Handed,169.5,25,175,1,Bus,15,0.337,.447,Dancing,,,,,,,25,Left foot,104,104,Same length,March,Summer,,Yes,Fruit,Water,English,7,12,1,Yes - other,Text messaging,0,0,,,,,,,,,,,,,Some,Graduate degree,Reggae,Fly,Happy,Doctor or nurse,Environment
USA,WI,2023,12        ,Male,17,Right-Handed,181,31,179,2,Car,15,.35,43,Walking/Hiking,1000,500,250,300,200,100,31,Same length,80,80,Ring finger,May,Fall,No,No,Meat,Juice,Computers and technology,8,10,2,Yes - other,Cell phone,0,20,8,0,2,0,2,5,1,12,1,10,24,3,Some,Less than high school,Rhythm and blues (R&B),Fly,Happy,Friend,"Wildlife, animals"
USA,KY,2021,12        ,Female,17,Right-Handed,165,28,143,1,Car,20,,42,Running/Jogging,,,,,,,28,Right foot,60,65,Ring finger,March,Spring,No,No,Pizza/Pasta,Water,Music,8,10,2,Yes - broadband connection,Text messaging,20,50,5,0,3,5,5,2,5,3,20,20,15,1,Some,High school,Pop,Telepathy,Famous,Friend,International aid
USA,FL,2017,11        ,Male,17,Right-Handed,6,11,6,1,Bus,35,.663,,Martial Arts,800,600,500,900,50,1000,,,,,,,,,,,,,,,,,,,,,,,,,,,,,,,,,,,,,,
USA,NC,2014,10        ,Male,15,Right-Handed,167.6,30,78.74,2,Bus,10,.359,40,Swimming,1000,1000,1000,1000,1000,1000,30,Same length,25,20,Index finger,January,Winter,No,No,Meat,Soft drink (caffeinated),Computers and technology,6,12,5,Yes - broadband connection,In person,100,100,15,1,2,10,0,0,0,12,24,24,12,12,None,Graduate degree,Rap/Hip hop,Invisibility,Rich,Other,Other
USA,IL,2022,12        ,Female,17,Right-Handed,181,24,174,1,Car,2,0.324,33,Soccer,695,,,,,,,,,,,,,,,,,,,,,,,,,,,,,,,,,,,,,,,,,,,
USA,IA,2024,11        ,Female,17,Right-Handed,162,21,153,2,Car,10,0.899,51,Dancing,200,100,300,1000,1000,1000,22,Left foot,7,6,Index finger,November,Summer,Yes,No,Meat,Water,History,8,8,4,Yes - other,Text messaging,5,7,10,0,5,15,15,0,3,1,3,0,10,30,Some,Graduate degree,Country,Super strength,Happy,Relative,International aid
USA,FL,2026,8         ,Female,14,Right-Handed,162,23.5,164,1,Bus,45,0.27,41,Other,500,200,100,300,900,900,24,Left foot,70.5,70.1,Index finger,January,Summer,Yes,No,Desserts,Juice,Other,6,7,4,Yes - other,Text messaging,15?,80-10,40,0,10,10,5,20,2,3,40-50,10,0.,3,A lot,Other,Pop,Freeze time,Rich,Other,"Arts, culture, sports"
USA,CA,2014,12        ,Male,18,Left-Handed,180,11.5,74,1,Car,2,.74,50,Lacrosse,500,550,645,500,575,500,11.5,Same length,7.5,7.58,Ring finger,August,Summer,No,No,Meat,Water,Other,8,10,4,Yes - other,In person,15,17,15,1,10,1,18,2,1,1,2,2,0,1,Some,Undergraduate degree,Pop,Freeze time,Happy,Sports person,Education/Youth development
USA,NE,2013,9         ,Female,16,Left-Handed,159,23,158,1,Car,15,.413,65,Other,500,500,500,500,1000,1000,24,Left foot,75,67,Index finger,October,Fall,No,No,Meat,Soft drink (caffeinated),English,7,9,4,Yes - broadband connection,Text messaging,30,40,7,1,10,10,1,1,20,15,7,15,1,2,A lot,Graduate degree,Punk rock,Invisibility,Rich,Actor,"Arts, culture, sports"
USA,ID,2018,12        ,Female,22,Right-Handed,175.3,25.5,178.4,1,Walk,6,.134,42,Other,1000,1000,1000,1000,150,500,25.4,Right foot,76.3,76.7,Ring finger,January,Fall,Yes,No,Meat,Water,Mathematics and statistics,6,7,6,Yes - other,Cell phone,12,23,1,2,12,2,1,1,4,1,28,2,35,10,A lot,Undergraduate degree,Rap/Hip hop,Telepathy,Healthy,Coach or club leader,"Wildlife, animals"
USA,NC,2024,12        ,Male,2000,Ambidextrous,182,31,74,1,Car,9,.237,61,Walking/Hiking,100,700,1000,300,5,10,31,Same length,85,75,Index finger,May,Fall,Yes,No,Seafood,Water,History,7,10,3,Yes - broadband connection,Text messaging,10-20,20,20-30,1,10,10,20-30,10,0,3,40,5,11,5,Very little,Graduate degree,Heavy metal,Freeze time,Rich,Business person,Environment
USA,CA,2014,7         ,Female,12,Right-Handed,157,24,154,2,Car,20,0.300,39,Other,824,717,872,733,711,759,23,Right foot,70,80,Ring finger,August,Summer,,,,,,,,,,,,,,,,,,,,,,,,,,,,,,,
USA,OH,2013,9         ,Female,15,Right-Handed,63,8,,2,Bus,0,0.563,39,Dancing,10,10,10,10,50,50,8,Same length,3,3,Same length,December,Spring,,No,Meat,Juice,English,8,8,6,Yes - broadband connection,Internet chat or instant messaging,50,52,10,0,1,0,2,0,24,24,24,24,0,24,Some,Undergraduate degree,Rap/Hip hop,Invisibility,Rich,Other,International aid
USA,TX,2013,12        ,Female,18,Right-Handed,160,22.5,150,2,Car,8,.297,46,Dancing,610,652,1000,807,545,299,22.5,Same length,,,,February,Fall,No,No,Pizza/Pasta,Sports drink,English,6,8,3,Yes - other,Text messaging,25,40,12,2,3,12,0,0,20,30,0,4,30,6,A lot,Graduate degree,Other,Telepathy,Happy,Relative,Health
USA,IL,2023,12        ,Female,17,Right-Handed,156,23,161,3,Car,18,0.356,43,Basketball,818,717,545,631,610,743,24,Left foot,67,66,Index finger,December,Summer,,No,Rice/Noodle dishes,Water,Art,5,10,4,Yes - broadband connection,"Myspace, Facebook, other social networking sites, or blog",a lot,a lot,0,4,50,5,2,1,7,.5,56,1,0,2,Some,Graduate degree,Pop,Telepathy,Happy,Religious figure,International aid
USA,FL,2016,7         ,Female,12,Right-Handed,149,20,149,1,Car,15,,,Tennis,1000,500,300,300,1000,500,21,Left foot,8000,8000,Ring finger,July,Fall,Yes,No,Salads,Water,History,9,10,3,Yes - broadband connection,Text messaging,10,1,144,5,6,168,14,6,2,10,1,5,5,7,Some,Graduate degree,Pop,Fly,Happy,Relative,"Wildlife, animals"
USA,NC,2016,12        ,Female,17,Right-Handed,180,26,180,1,Car,7,.632,35,Athletics,750,750,700,700,300,400,26,Same length,87,86,Index finger,November,Fall,No,No,Pizza/Pasta,Water,Science,8,8,3,Yes - broadband connection,Text messaging,100,100,10,.5,5,20,20,4,8,40,10,22,0,4,A lot,Undergraduate degree,Country,Freeze time,Happy,Coach or club leader,International aid
USA,CA,2019,12        ,Female,17,Right-Handed,156.2,22.3,151.5,3,Car,6,0.326,56,Walking/Hiking,700,700,600,700,900,1000,22.63,Left foot,70.51,72.3,Ring finger,April,Winter,No,Yes,Other,Water,Computers and technology,8,10,4,Yes - broadband connection,Text messaging,17,21,5,0,20,5,5,0,2,5,5,10,0,2,Some,Graduate degree,Other,Telepathy,Happy,Friend,Health
USA,KS,2024,12        ,Male,17,Right-Handed,186.6,26,185,1,Car,15,.392,42,Soccer,979,818,797,920,479,877,27,Left foot,8,8,Same length,January,Fall,Yes,No,Meat,Water,Physical education,8,7,3,Yes - broadband connection,Text messaging,50,90,6,1,2,4,5,0,35,40,3,3,24,2,A lot,Graduate degree,Country,Fly,Rich,Sports person,Education/Youth development
USA,CT,2015,6         ,Male,11,Right-Handed,,,,2,Car,15 ,,,Soccer,500,500,700,700,700,700,,Same length,,,Ring finger,August,Summer,Yes,No,No favorite,Water,Physical education,8,10,3,Yes - other,In person,5,6,4,1,3,9,13,4,1,3,10,1,5,4,Some,Graduate degree,,,Rich,Relative,Other
USA,CA,2025,12        ,Male,16,Right-Handed,198,29.54,198,1,Car,8,0.291,32,Basketball,750,750,750,750,650,850,29.54,Same length,101,95,Index finger,September,Summer,Yes,No,Rice/Noodle dishes,Water,Mathematics and statistics,8,8,5,Yes - broadband connection,Text messaging,40,40,15,5,14,20,15,15,15,11,40,4,0,7,A lot,Undergraduate degree,Rap/Hip hop,Freeze time,Happy,Sports person,Health
USA,IN,2025,12        ,Male,17,Left-Handed,187.5,28,152,1,Car,15 ,0.329,47,Martial Arts,950,650,700,800,420,1000,11.5,Left foot,80,70,Index finger,February,Fall,No,No,Rice/Noodle dishes,Soft drink (caffeinated),Mathematics and statistics,7,8,3,Yes - broadband connection,"Myspace, Facebook, other social networking sites, or blog",37,58,15,10,1,1,3,2,7,7,15,20,20,5,None,Graduate degree,Punk rock,Fly,Happy,Teacher,International aid
USA,NM,2013,12        ,Male,16,Right-Handed,174,33,189,1,Car,10,0.37,34,Hockey (Ice),600,500,400,500,500,800,33,Same length,85,86,Ring finger,October,Fall,No,No,Meat,Sports drink,History,7,10,5,Yes - broadband connection,Text messaging,400,400,10,2,5,3,15,1,3,10,6,2,10,10,Very little,Graduate degree,Country,Fly,Happy,Relative,Health
USA,PA,2012,12        ,Male,18,Right-Handed,181,28,186,1,Car,45,0.431,24,Lacrosse,900,800,800,800,650,900,28,Same length,93,95,Ring finger,March,Spring,Yes,No,Poultry,Milk,Mathematics and statistics,6,11,6,Yes - broadband connection,In person,30,30,7,0,20,2,16,0,7,4,8,0,0,2,A lot,Graduate degree,Rap/Hip hop,Super strength,Happy,Other,International aid
USA,WA,2024,11        ,Male,17,Right-Handed,"6,3",30,190,1,Car,6 ,0.326,37,Baseball/Softball,5,100,100,500,50,50,30,Same length,70,84,Ring finger,July,Winter,Yes,No,Meat,Water,Other,6 1/2,9,2,Yes - broadband connection,In person,30,25,6,30min,0,4,1,3,2,1,1,0,40,3,Very little,Some college,Rap/Hip hop,Invisibility,Rich,Other,International aid
USA,IN,2016,6         ,Female,12,Left-Handed,132.9,19,140,2,Car,5,0.406,35,Athletics,476,706,733,818,37,465,19,Same length,7,5,Index finger,February,Summer,No,No,Fruit,Tea,Art,7,10,7,Yes - dial-up connection,Other,15,5,13,12,0,8,12,22,14,5,11,5,7,15,Very little,Some college,Pop,Invisibility,Happy,Teacher,"Wildlife, animals"
USA,TX,2015,12        ,Female,16,Right-Handed,170.2,24,172,1,Car,15,.613,46,Other,957,957,952,968,738,1000,25,Left foot,70,65,Index finger,July,Fall,Yes,No,Pizza/Pasta,Water,History,8,10,3,Yes - broadband connection,Text messaging,150,160,5,.5,9,8,2,0,10,24,24,0,0,1,A lot,Graduate degree,Country,Super strength,Happy,Politician,Health
USA,CA,2017,12        ,Male,16,Right-Handed,170,23,162,2,Car,10,0.4,45,Basketball,500,500,500,500,1000,1000,23,Same length,67,76,Ring finger,September,Summer,No,No,Meat,Water,Computers and technology,7,9,4,Yes - broadband connection,Internet chat or instant messaging,0,3,4,1,15,3,2,30,7,2,40,0,0,3,Some,Graduate degree,Pop,Invisibility,Rich,Sports person,Religious
USA,MA,2025,12        ,Female,17,Right-Handed,,,,2,Bus,10,,,Soccer,,,,,,,,,,,,May,Spring,No,No,Seafood,Water,Mathematics and statistics,7/6,8/9,5,Yes - other,Text messaging,3,5,,,,,,,,,,,,,Some,Some college,,Invisibility,Happy,Relative,International aid
USA,CA,2024,12        ,Male,17,Left-Handed,182,28,181,1,Car,22,0.3,29,Basketball,600,400,800,500,800,1000,28,Same length,100,95,Index finger,May,Fall,No,No,Meat,Water,Science,7,9,3,Yes - broadband connection,Text messaging,24,40,50,1,8,10,15,0,25,2,25,0,0,5,Some,Graduate degree,Rap/Hip hop,Invisibility,Happy,Sports person,Health
USA,CA,2016,12        ,Female,17,Right-Handed,155,21,147,1,Car,20,,,Soccer,,,,,,,21,Same length,7,7,Same length,January,Winter,No,No,Pizza/Pasta,Water,Music,7,9,4,Yes - other,Text messaging,100,100,5,1,14,10,6,0,8,10,2,5,20,1,A lot,Graduate degree,,Telepathy,Healthy,Musician or singer,Health
USA,TX,2013,5         ,Male,11,Left-Handed,151,24,160,1,Car,5,0.468,38,Basketball,1000,1000,999,1000,0,0,23,Left foot,80,78,Ring finger,December,Summer,Yes,No,Seafood,Water,Physical education,10,7,4,No internet connection,Text messaging,5,5,3,1,1,2,3,1,1,5,2,2,0,0,Some,Other,Techno/Electronic,Freeze time,Happy,Religious figure,Health
USA,MA,2014,8         ,Female,13,Right-Handed,152,21,154,1,Bus,15,0.395,44,Soccer,535,316,171,70,48,225,20.5,Left foot,60,68,Ring finger,January,Winter,Yes,No,Salads,Juice,Art,9,11,6,Yes - other,"Myspace, Facebook, other social networking sites, or blog",12,10,12,1,2,20,12,0,14,2,15,12,0,7,Some,Graduate degree,Pop,Fly,Happy,Sports person,Health
USA,NC,2025,12        ,Male,18,Right-Handed,172.7,24.1,0,2,Car,5,0.3,54,Soccer,5,4,3,2,6,1,0,Same length,7.3,7.5,Ring finger,December,Winter,No,No,Meat,Juice,Other,7,5,7,Yes - broadband connection,,80,100,0,7,0,4,2,2,1,3,5,1,4,1,Some,High school,Other,Freeze time,Rich,Business person,"Arts, culture, sports"
USA,MT,2015,12        ,Female,17,Right-Handed,165,24.5,188,2,Car,2,0.483,34,Athletics,950,900,900,800,700,500,24.5,Same length,102,90,Ring finger,August,Winter,Yes,No,Fruit,Coffee,Physical education,8.5,6,4,Yes - broadband connection,In person,50,50,6,1,20,2,14,0,1,3,3,2,8,1,A lot,Graduate degree,Pop,Telepathy,Happy,Coach or club leader,Health
USA,IN,2014,12        ,Male,17,,,,,,,,,,,,,,,,,,,,,,,,,,,,,,,,,,,,,,,,,,,,,,,,,,,,,,
USA,NC,2024,12        ,Male,18,Left-Handed,190,27,190.5,1,Bus,15mis,.309,40sec,Football (American),578,578,807,824,524,824,28,Left foot,80,85,Ring finger,April,Winter,No,No,Meat,Juice,Physical education,3hrs,7,4,Yes - broadband connection,Cell phone,100,110,3,2,1,4,3,3,3,2,0,1,2,2,Some,Graduate degree,Rap/Hip hop,Freeze time,Rich,Sports person,Education/Youth development
USA,IN,2019,4         ,Male,9,Right-Handed,139,23,133,1,Bus,61,0.52,,Bowling,354,95,1000,1000,1000,1000,23 ,Right foot,17,17,Same length,April,Winter,Yes,No,Other,Juice,Mathematics and statistics,9,7 8,4,Yes - broadband connection,Cell phone,0,18,1000,300,1,700,1000,1000,600,400,1000,800,700,15,A lot,Other,,Invisibility,Rich,Other,Other
USA,FL,2022,11        ,Male,17,Right-Handed,160,108,160,1,Car,2,.7,20,Walking/Hiking,1000,1000,1000,1000,500,500,120,Same length,100,100,Ring finger,May,Winter,Yes,No,Meat,Soft drink (caffeinated),Computers and technology,7-8,2-4,4,Yes - broadband connection,Internet chat or instant messaging,100,100,0,0,0,0,0,0,0,0,0,0,0,0,Some,Graduate degree,Other,Freeze time,Healthy,Friend,Health
USA,SC,2012,11        ,Male,16,Right-Handed,168,26,176.5,1,Car,10,4.3,49,Athletics,,500,,,700,700,,,,,,,,,,,,,,,,,,,,,,,,,,,,,,,,,,,,,,
USA,WA,2025,11        ,Male,16,Right-Handed,185,27,185,1,Car,5,.399,48,Football (American),400,0,600,1000,200,1000,26,Right foot,80,80,Same length,March,Summer,No,No,Pizza/Pasta,Milk,Other,7,8,4,Yes - broadband connection,"Myspace, Facebook, other social networking sites, or blog",200,210,85,10,,,,,,,,,,,,,,,,,
USA,WA,2020,11        ,Male,17,Right-Handed,6'0,26,177,1,Bus,30,.345,47,Basketball,832,236,301,456,47,687,26,Same length,100,102,Ring finger,May,Spring,No,No,Seafood,Water,Physical education,6,11,7,Yes - broadband connection,Cell phone,1,3,20,0,10,5,5,20,6,0,0,10,16,4,A lot,Graduate degree,Rap/Hip hop,Telepathy,Rich,Musician or singer,International aid
USA,AR,2018,7         ,Female,13,Right-Handed,160,23,153,1,Bus,5,0.727,48,Basketball,96,500,500,160,75,1000,23,Same length,80,70,Index finger,March,Spring,No,No,Meat,Water,Physical education,9,11,7,Yes - broadband connection,Internet chat or instant messaging,130,100,56,14,28,14,14,0,7,28,0,7,0,0,A lot,Graduate degree,Country,Telepathy,Healthy,Doctor or nurse,Religious
USA,WA,2011,12        ,Female,17,Right-Handed,170,23,174,1,Car,10,.345,44,Swimming,800,800,800,,200,200,23,Same length,75,70,Index finger,October,Fall,Yes,No,Salads,Water,Science,7,7,4,Yes - broadband connection,Text messaging,100,100,30,1,15,6,2,0,5,10,5,2,20,20,Some,Some college,Rock and roll,Fly,Happy,Other,International aid
USA,IL,2015,6         ,Male,12,Ambidextrous,164,31,164,2,Walk,10 ,.468,38,Baseball/Softball,50,90,60,70,40,20,31,Same length,60,62,Same length,October,Summer,Yes,No,Pizza/Pasta,Milk,Social studies,9,7,5,Yes - other,Text messaging,5,20,5,0,5,2,6,0,1,0,0,0,1,1,Some,Undergraduate degree,Rap/Hip hop,Fly,Famous,Sports person,Health
USA,VA,2022,12        ,Male,18,Left-Handed,193,35,160,1,Car,10,.391,36,Athletics,754,620,503,364,626,652,35,Same length,76.2,81.3,Ring finger,September,Summer,No,No,Desserts,Water,Social studies,7,8,3,Yes - broadband connection,In person,5,5,3,1,2,1,4,8,4,1,4,4,10,2,Some,Graduate degree,Pop,Invisibility,Happy,Coach or club leader,"Arts, culture, sports"
USA,NC,2016,12        ,Female,16,Right-Handed,194,22,,1,Car,10,.962,43,Basketball,700,600,500,500,400,600,22,Same length,7,8 ,Ring finger,August,Fall,No,No,Fruit,Water,Other,7 ,5 ,4 ,Yes - other,Cell phone,100,120,24,10,15,10,12,6,4,4,10,2,35,7,A lot,Graduate degree,Rap/Hip hop,Telepathy,Happy,Relative,Health
USA,TN,2019,12        ,Male,17,Right-Handed,173,36,,2,Bus,20,0.678,52,Other,500,780,890,300,700,450,31.2,Right foot,12,8.5,Index finger,August,Winter,Yes,No,Pizza/Pasta,Milk,Computers and technology,8,3,2,Yes - broadband connection,Internet chat or instant messaging,3,5,0,0,1-2,4,0,12-24,8,0,12,0,0,0,Very little,Undergraduate degree,Other,Invisibility,Rich,Teacher,International aid
USA,NC,2020,12        ,Male,16,Right-Handed,181,37,183,1,Bus,10,0.344,36,Martial Arts,1000,1000,1000,1000,1000,1000,37,Same length,79,75,,June,Winter,Yes,No,Fruit,Water,Computers and technology,6-7,6-7,4,Yes - broadband connection,In person,5,6,0,0,5,6,7,2,1,3,8,0,0,9,Some,Graduate degree,Rap/Hip hop,Telepathy,Happy,Religious figure,International aid
USA,NJ,2019,12        ,Female,17,Right-Handed,172,24,164,2,Walk,0,0.83,43,Hockey (Field),600,800,800,800,500,700,24,Same length,70,68,Index finger,November,Summer,No,No,Fruit,Water,Physical education,7,10,6,Yes - other,Text messaging,30,50,70,40,14,10,14,0,30,6,50,0,0,5,Some,Graduate degree,Pop,Freeze time,Happy,Business person,International aid
USA,NY,2018,11        ,Male,17 ,Right-Handed,177.8,23,180 ,2,Bus,27 ,.35,42 ,Cycling,950,500,750,400,300,900,23,Same length,,,Ring finger,September,Winter,No,No,Pizza/Pasta,Water,Mathematics and statistics,3,11,2,Yes - broadband connection,"Myspace, Facebook, other social networking sites, or blog",60,200,16,14,5,14,7,21,3,115,105,3,0,0,Some,Other,Pop,Super strength,Happy,Relative,Education/Youth development
USA,NC,2022,12        ,Female,17,Right-Handed,5'6,,,3,Bus,10,0.301,40,Dancing,508,503,1000,1000,385,1000,,Left foot,,,Same length,August,Winter,No,No,Vegetables,Juice,,8,12,12,Yes - other,"Myspace, Facebook, other social networking sites, or blog",15,15,0,6,2,0,,,,,,,,,A lot,Graduate degree,Rap/Hip hop,,Rich,Friend,Other
USA,WI,2021,12        ,Male,16,Right-Handed,1941,26,191,1,Bus,10 ,0.358,,,,,,,,,,,,,,,,,,,,,,,,,,,,,,,,,,,,,,,,,,,,,,
USA,MI,2022,12        ,Male,17,Left-Handed,,,,1,Bus,20,0.421,62,Other,909,930,824,824,578,10000,,Same length,,,Ring finger,July,Spring,No,No,Rice/Noodle dishes,Water,Physical education,6 1/2,8,5,Yes - broadband connection,"Myspace, Facebook, other social networking sites, or blog",69,30,6,1/2,4,2,5,10,3,6,20,1,23,0,A lot,Graduate degree,,Telepathy,Happy,Friend,Environment
USA,NJ,2016,12        ,Female,18,Right-Handed,175,26.5,173,1,Car,6,.369,46,Other,802,535,717,765,294,620,26.5,Same length,80,75,Index finger,November,Fall,No,No,Pizza/Pasta,Coffee,History,5,10,,,,100,100,5,8,10,2,3,0,5,10,10,0,15,15,A lot,Undergraduate degree,Other,Freeze time,Happy,,Environment
USA,NC,2023,12        ,Male,17,Right-Handed,180,30,181,1,Car,10,.4,40,Football (American),187,171,0,200,15,10,30,Same length,8.5,8.5,Same length,December,Summer,No,No,Meat,Energy drink,History,6,10,5,Yes - broadband connection,Cell phone,120,130,6,15,9,10,3,4,3,12,4,5,13,1,A lot,Graduate degree,Rap/Hip hop,Super strength,Rich,Religious figure,Religious
USA,NY,2019,12        ,Male,18,Ambidextrous,174,28,201,2,Walk,130,6,7,Baseball/Softball,500,500,500,500,500,500,28,Same length,125,125,Same length,August,Winter,Yes,,Breads/Sandwiches,Coffee,Mathematics and statistics,4,10,3,Yes - broadband connection,,,,1,1,2,4,1,4,1,3,1,3,2,1,A lot,Graduate degree,Rap/Hip hop,Super strength,Healthy,Sports person,"Wildlife, animals"
USA,IN,2023,12        ,Male,17,Right-Handed,180.3,30.48,177,1,Bus,10,0.501,85,Football (American),503,503,770,1000,1000,1000,30.48,Same length,78.2,101.6,Same length,November,Fall,Yes,No,No favorite,Water,Other,7,10,5,Yes - other,Text messaging,20,25,10,30,40,20,20,15,0,35,30,15,0,12,Some,Some college,,,,,
USA,NC,2015,12        ,Male,17,Left-Handed,165,26,163,1,Car,5,.305,38,Football (American),524,636,835,830,679,1000,25,Right foot,74,75,Ring finger,July,Fall,No,No,Poultry,Soft drink (caffeinated),Social studies,7,9,5,Yes - broadband connection,Cell phone,200,200,70,2,4,14,11,6,50,110,4,30,0,2,Some,Graduate degree,Rap/Hip hop,Telepathy,Rich,Business person,Education/Youth development
USA,VT,2014,12        ,Male,18,Right-Handed,178,26.6,178,1,Car,5,0.348,44,Athletics,696,873,584,896,204,54,26.2,Right foot,1070,1150,Ring finger,August,Summer,No,No,Meat,Water,Science,8,9,5,Yes - other,Text messaging,50,60,10,0,12,4,20,0,1,1,4,4,8,1,Some,Graduate degree,Rhythm and blues (R&B),Telepathy,Healthy,Doctor or nurse,Health
USA,NY,2026,12        ,Male,18,Right-Handed,169,25,179,1,Rail (Train/Tram/Subway),38,0.451,37,Soccer,950,900,900,950,900,900,25,Same length,97,101,Index finger,May,Fall,Yes,No,Poultry,Water,Social studies,6,9,4,Yes - broadband connection,In person,70,90,20,2,3,1,3,15,30,6,30,10,0,5,Some,Undergraduate degree,Punk rock,Freeze time,Healthy,Community leader or elder,"Wildlife, animals"
USA,MD,2012,10        ,Female,14,Right-Handed,156,23,156,1,Bus,140,.29,32,Basketball,900,750,730,915,330,320,22,Right foot,85,83,Index finger,December,Winter,Yes,No,Fruit,Juice,Mathematics and statistics,7,8,4,Yes - broadband connection,Text messaging,350,350,8,1,2,7,9,1,8,130,5,3,0,5,Some,Graduate degree,Rap/Hip hop,Freeze time,Happy,Other,Health
USA,IN,2017,11        ,Female,16,Right-Handed,164,24,165,1,Car,5,.777,43,Tennis,819,502,111,857,400,481,,Left foot,95,100,Ring finger,November,Fall,Yes,No,Pizza/Pasta,Milk,Mathematics and statistics,7,9,5,Yes - broadband connection,Text messaging,10,30,24,2,20,48,8,0,6,11,2,5,0,7,A lot,Graduate degree,Country,Fly,Happy,Relative,International aid
USA,NJ,2026,12        ,Male,17,Right-Handed,172,23,168,1,Walk,3,.289,40,Athletics,59,70,48,59,68,100,23,Same length,8.5,8,Index finger,July,Summer,No,No,Meat,Water,History,6,9,5,Yes - broadband connection,"Myspace, Facebook, other social networking sites, or blog",55,60,8,3,0,10,3,8,20,3,12,4,8,2,Very little,Some college,Rap/Hip hop,Super strength,Rich,Sports person,Other
USA,IL,2014,6         ,Female,11,Right-Handed,159,25,157,1,Car,5,0.375,60,Skateboarding/Rollerblading,1000,348,674,500,1000,1000,25,Same length,100,100,Same length,August,Summer,Yes,No,Salads,Water,Art,11,8,3,Yes - other,Text messaging,25,25,8,1,3,9,4,2,5,5,8,2,3,3,Some,Graduate degree,Country,Fly,Healthy,Relative,Health
USA,IN,2016,10        ,Male,15,Right-Handed,70.1,25,69.3,1,Car,17,0.262,44,Basketball,100,900,750,392,1000,1000,25,Right foot,30.5,30.7,Ring finger,December,Summer,No,No,Meat,Water,Computers and technology,7,5,4,Yes - other,,0,20,30,1,2,1,5,9,3,0,4,0,0,2,Very little,Some college,Rap/Hip hop,Fly,Rich,Musician or singer,Other
USA,MO,2018,11        ,Male,17,Right-Handed,177,42,180,2,Car,20,,,,,,,,,,,,,,,,,,,,,,,,,,,,,,,,,,,,,,,,,,,,,,,
USA,CA,2012,7         ,Female,13,Right-Handed,160,20,159,1,Car,20,0.963,47,Soccer,900,100,1000,400,500,1000,21,Left foot,7,8,Ring finger,August,Summer,Yes,No,Pizza/Pasta,Juice,Social studies,7,12,5,Yes - broadband connection,"Myspace, Facebook, other social networking sites, or blog",30,21,5,1,8,9,5,4,7,2,7,1,0,1,A lot,Graduate degree,Other,Telepathy,Healthy,Relative,Health
USA,SC,2015,11        ,Female,15,Right-Handed,172,23,178,1,Car,8,0.334,38,Dancing,900,900,800,800,600,600,,,75,77,Ring finger,July,Summer,No,No,Pizza/Pasta,Water,Science,6,5,4,Yes - broadband connection,Text messaging,30,35,,5,80,70,80,0,90,90,50,5,0,10,A lot,Graduate degree,Pop,Invisibility,Happy,Actor,Health
USA,CA,2023,12        ,Male,17,Right-Handed,177,27,,3,Car,15,0.323,43,Baseball/Softball,824,551,700,700,476,417,27,Left foot,120,140,Index finger,December,Winter,No,No,Meat,Water,Other,7,7,4,Yes - broadband connection,In person,20,20,12,0,15,10,11,1,10,4,13,3,5,5,Some,Graduate degree,Other,Fly,Happy,Musician or singer,International aid
USA,NC,2019,11        ,Female,15,Right-Handed,183,26,184,2,Car,15,.411,53,Other,503,701,556,529,107,834,26,Same length,80,75,Index finger,July,Winter,No,No,Rice/Noodle dishes,Water,Science,7,12,4,Yes - other,Text messaging,10,15,2,4,5,2,5,0,7,7,6,2,0,2,Some,Graduate degree,Pop,Fly,Happy,Musician or singer,"Wildlife, animals"
USA,NY,2016,12        ,Male,17,Right-Handed,,28,196,1,Rail (Train/Tram/Subway),30,.545,56,Tennis,900,800,750,750,700,1000,28,Same length,8,8.2,Ring finger,March,Fall,Yes,No,Desserts,Water,Music,6,10,3,Yes - broadband connection,In person,5,5,15,0,5,8,2,10,10,7,20,4,0,1,A lot,Graduate degree,Other,Telepathy,Happy,Musician or singer,Environment
USA,TX,2018,12        ,Male,17,Right-Handed,188,29,,1,Car,10 ,0.799,56,Basketball,90,85,100,50,50,100,27,Right foot,,,Ring finger,April,Winter,No,No,Poultry,Sports drink,Physical education,6,12,4,Yes - other,Internet chat or instant messaging,200,200,100,48,30,20,120 ,28,168,168,120,120,0,0,A lot,Some college,Rap/Hip hop,Fly,Rich,Sports person,"Arts, culture, sports"
USA,CA,2020,11        ,Female,15,Right-Handed,180,22cm,165,2,Car,7 min,1 sec,38sec,Dancing,1000,508,824,556,326,374,22cm,Same length,70mm,65mm,Index finger,October,Summer,Yes,No,No favorite,Water,Other,9,6,3,Yes - other,Other,10,9,0,0,3,3,0,0,5,1,5,9,16,2,Some,Graduate degree,Other,Telepathy,Happy,Other,Health
USA,VT,2016,12        ,Female,17,Left-Handed,169,22,161,1,Car,5,.454,52,Swimming,1000,700,900,900,1000,1000,22,Same length,8,7.333,Index finger,October,Fall,No,No,Pizza/Pasta,Water,History,8,10,2,Yes - broadband connection,In person,40,40,25,1,1,5,1,0,5,7,20,7,25,5,A lot,,Rap/Hip hop,Telepathy,Happy,Relative,Health
USA,GA,2022,12        ,Female,16,Right-Handed,160,23.5,54,1,Car,7,0.41,48,Dancing,800,500,300,200,20,10,23.5,Same length,75,80,Ring finger,August,Fall,Yes,No,Pizza/Pasta,,,5,7,2,Yes - broadband connection,Text messaging,18,20,6,10,4,3,0,0,10,7,9,6,27.5,2,A lot,Graduate degree,Rap/Hip hop,Invisibility,Happy,Relative,"Wildlife, animals"
USA,SC,2022,12        ,Male,18,Right-Handed,181,26.94,,1,Car,5-10 ,0.351,58,Swimming,950,800,500,400,800,800,26,Right foot,90,80,Index finger,June,Fall,No,No,Meat,Water,History,7.5,9.5,2,Yes - broadband connection,Text messaging,16,23,20,3,4,5,15,10,5,70+,5,1,25,1,None,Other,Rap/Hip hop,Freeze time,Happy,Relative,Health
USA,TX,2023,12        ,Female,18,Right-Handed,157,22,160,2,Car,10,.502,44,Walking/Hiking,500,500,500,500,800,800,22,Same length,71,67,Index finger,February,Summer,Yes,No,Pizza/Pasta,Water,History,7,9,3,Yes - broadband connection,In person,86,75,4,1,6,35,7,0,3,10,30,0,0,7,Very little,Graduate degree,Gospel,Fly,Happy,Religious figure,International aid
USA,NY,2022,9         ,Female,14,Right-Handed,163,24,165,2,Walk,15,0.319,41,Other,700,1000,100,300,95,5,24,Same length,8.3,9.4,Ring finger,May,Spring,No,No,Meat,Milk,Physical education,5,2,9,Yes - dial-up connection,Text messaging,75,89,6,10,2,7,4,1,7,9,10,11,3,4,A lot,Some college,Country,Telepathy,Rich,Sports person,Health
USA,PA,2013,12        ,Female,18,Right-Handed,162,22,162,1,Walk,20,0.385,51,Basketball,37,626,305,791,535,893,22,Same length,60,80,Ring finger,November,Summer,Yes,No,Pizza/Pasta,Soft drink (non-caffeinated),Physical education,7,11,5,Yes - other,In person,40,60,30,1,15,10,2,10,0,20,10,7,0,5,Some,Graduate degree,Rap/Hip hop,Fly,Happy,Relative,Health
USA,GA,2024,9         ,Male,18,Left-Handed,182,12,182,1,Car,20,0.292,43,Football (American),701,492,289,503,502,481,12,Same length,70,65,Ring finger,September,Winter,Yes,No,Meat,Water,Social studies,5,11,7,Yes - broadband connection,Text messaging,2,8,4,1,3,5,3,45,20,5,4,7,0,6,Some,High school,Rhythm and blues (R&B),Fly,Happy,Sports person,International aid
USA,CA,2018,6         ,Male,11,Right-Handed,154.9,24,15,2,Car,15,0.395,52 ,Walking/Hiking,1000,1000,900,999,1000,1000,23,Right foot,70,75,Ring finger,August,Summer,No,No,Meat,Energy drink,Computers and technology,7,9,4,Yes - other,E-mail,0,1,50,0.001,50,60,5,7,1,0.5,50,2,0,0.001,Some,Graduate degree,Techno/Electronic,Freeze time,Healthy,Friend,Education/Youth development
USA,NC,2023,12        ,Male,18,Right-Handed,167.6,25,,,Car,8,0.336,65,Football (American),800,700,450,850,200,300,,Left foot,,,Index finger,July,Fall,No,No,Meat,Water,Physical education,7,8,3,Yes - other,Text messaging,12,10,24,2,0,10,16,13,2,6,14,18,20,5,Very little,Some college,Pop,Invisibility,Rich,Sports person,Environment
USA,OK,2026,10        ,Male,15,Right-Handed,188,28,505,2,Car,15,0.427,45,Soccer,813,642,1000,1000,412,492,29,Left foot,85,90,Ring finger,June,Fall,No,No,Meat,Water,History,8,10,5,Yes - broadband connection,Text messaging,80,60,45,2,4,42,10,8,14,70,45,3,12,7,Some,Graduate degree,Rap/Hip hop,Freeze time,Rich,Business person,"Wildlife, animals"
USA,CO,2026,11        ,Male,16,Right-Handed,139.7,27,165,1,Car,6,0.465,44,Martial Arts,492,503,513,519,0,505,26,Same length,60,70,Index finger,August,Summer,No,No,Meat,Water,Physical education,8,10,2,Yes - other,Internet chat or instant messaging,18,20,3,2,1,8,10,5,8,5,8,,2,4,Very little,High school,Pop,Fly,Rich,Business person,"Wildlife, animals"
USA,VT,2023,8         ,Female,13,Right-Handed,155,23,154,1,Car,13,0.396,53,Basketball,500,200,750,100,0,900,23,Same length,90,95,Ring finger,August,Fall,No,No,Meat,Water,Physical education,8,11,2,Yes - other,Text messaging,30,45,40,1,2,4,8,2,1,10,3,20,0,3,Some,Graduate degree,Pop,Invisibility,Rich,Musician or singer,"Wildlife, animals"
USA,WA,2022,12        ,Female,17,Right-Handed,165,24,76,1,Car,20,0.725,65,Walking/Hiking,1000,800,800,900,500,1000,24,Same length,60,55,Index finger,October,Fall,Yes,No,Pizza/Pasta,Water,Art,8,10,4,Yes - other,Internet chat or instant messaging,300,500,42,3,18,7,1,28,10,70,70,0,0,14,A lot,Graduate degree,Pop,Fly,Happy,Other,Environment
USA,NC,2024,12        ,Female,17,Right-Handed,157,22 cm,156,2,Bus,15 ,0.36,28,Dancing,500,500,300,300,200,1000,22,Same length,70,75,Ring finger,May,Fall,Yes,No,Rice/Noodle dishes,Water,Mathematics and statistics,6,9,4,Yes - dial-up connection,Text messaging,100,234,10,8,2,20,3,8,15,14,21,3,5,4,A lot,Some college,Other,,Famous,Musician or singer,"Wildlife, animals"
USA,KS,2015,12        ,Male,17,Left-Handed,173,25,167,1,Car,15,.52,49,Soccer,999,500,500,700,400,1000,23,Right foot,70,70,Same length,August,Spring,No,No,Pizza/Pasta,Water,Mathematics and statistics,6,10,4,Yes - broadband connection,Text messaging,1500,1600,2,6,2,1,10,1,3,2,4,7,1,1,Some,Graduate degree,Pop,Super strength,Happy,Actor,Education/Youth development
USA,TX,2020,12        ,Female,17,Right-Handed,176,25,173,1,Car,25,0.74,46,Other,374,203,239,201,487,631,25,Same length,68,65,Index finger,May,Spring,Yes,No,Pizza/Pasta,Water,Music,9,10,7,Yes - broadband connection,"Myspace, Facebook, other social networking sites, or blog",18,25,10,7,3,14,0,8,10,4,37,4,0,0,A lot,Undergraduate degree,Other,Fly,Happy,Musician or singer,International aid
USA,TX,2012,12        ,Female,16,Right-Handed,157,25,158,2,Car,10,.409,59,None,332,332,332,332,1000,1000,25,Same length,80,82,Ring finger,December,Winter,Yes,No,Seafood,Soft drink (non-caffeinated),English,6,12,5,Yes - broadband connection,Text messaging,300,302,2,10,14,0,10,0,10,14,10,4,0,0,A lot,Graduate degree,Rap/Hip hop,Telepathy,Happy,Teacher,International aid
USA,CA,2012,7         ,Female,12,Right-Handed,165,22,60,2,Car,5,0.482,70,Dancing,1000,1000,1000,1000,50,100,22,Same length,70.5,70.2,Ring finger,July,Summer,No,No,No favorite,Water,Social studies,10,7,6,Yes - other,In person,0,0,3,1,3,38,4,0,0,0,1,3,0,2,Very little,Graduate degree,Pop,Invisibility,Healthy,Relative,Education/Youth development
USA,AR,2016,6         ,Female,11,Ambidextrous,151,22,147,1,Walk,6,,,Other,800,800,650,500,40,60,22,Same length,,60,Index finger,May,Fall,No,Yes,No favorite,Water,Art,9,10,5,Yes - broadband connection,Cell phone,15,16,10,12,1,25,18,2,9,5,6,5,1,12,Very little,Other,Other,Freeze time,Healthy,Relative,"Arts, culture, sports"
USA,CA,2015,12        ,Female,17,Right-Handed,157.4,17.78,64,1,Walk,10,.37,54,Swimming,800,500,500,800,0,0,17.48,Same length,,1,Same length,June,Summer,No,No,Seafood,Water,Physical education,6,8,3,No internet connection,Text messaging,300,300,3,0,5,3,12,0,1,3,0,0,15,1,A lot,Some college,Pop,Telepathy,Happy,Coach or club leader,"Arts, culture, sports"
USA,TN,2018,6         ,Female,11,Right-Handed,152.4,30,152.4,2,Car,2,,,Rowing,0,0,0,0,50,50,30,Same length,76.2,2.8,Index finger,April,Summer,No,Yes,Poultry,Tea,History,10,5,3,Yes - broadband connection,Text messaging,0,2,10,1,5,20,2,0,4,1,15,3,0,0,Some,Graduate degree,Pop,Telepathy,Rich,Teacher,Religious
USA,CA,2021,12        ,Male,17,Right-Handed,,,,2,Car,15,0.289,32,Other,1000,1000,1000,1000,1000,1000,,Same length,,,Ring finger,August,Fall,Yes,No,Rice/Noodle dishes,Water,Music,8,10-11,13,No internet connection,Other,5,5,10,0,10,40,0,40,0,20,20,10,0,10,A lot,Some college,Heavy metal,Freeze time,Happy,Relative,Health
USA,FL,2011,12        ,Male,17,Right-Handed,177,27,181,3,Car,35,.435,,Athletics,410,280,350,,1000,750,26,Right foot,101,110,Ring finger,October,Summer,No,No,Meat,Water,History,6,9,2,,,75,85,40,1,15,4,12,0,6,15,10,3,6,4,A lot,Graduate degree,Rap/Hip hop,Fly,Happy,Sports person,Education/Youth development
USA,IL,2016,9         ,Male,15,Left-Handed,173,25,171,1,Car,14,.746,34,Golf,600,500,300,300,900,1000,24,Right foot,90,80,Index finger,April,Spring,Yes,No,Meat,Water,Mathematics and statistics,6,6,6,Yes - broadband connection,Text messaging,30,60,3,0,2,8,10,10,8,5,3,2,0,1,Some,Graduate degree,Rock and roll,Freeze time,Happy,Musician or singer,International aid
USA,PA,2012,11        ,Female,17,Right-Handed,162.5,20.32,160,1,Car,7,.42,40,Soccer,251,556,422,310,684,866,19.05,Right foot,77,84,Ring finger,September,Summer,Yes,No,Desserts,Water,Physical education,6,10,6,Yes - broadband connection,Text messaging,100,100,8,.25,30,4,12,0,4,2,6,8,0,3,A lot,Graduate degree,Other,Telepathy,Healthy,Other,Health
USA,PA,2017,6         ,Female,11,Right-Handed,152,21,152,1,Bus,10,0.536,50,Other,500,500,500,500,500,500,22,Right foot,7,7,Same length,March,Spring,Yes,No,Pizza/Pasta,Tea,History,,8,4,Yes - broadband connection,,,,,,,,,,,,,,,,,,,,,,
USA,WI,2013,8         ,Male,14,Right-Handed,174,32,181,1,Bus,60,.24,41,Other,1000,1000,1000,764,745,850,32,Same length,75,70,Index finger,February,Spring,Yes,No,Fruit,Milk,Science,8.5,6,4,Yes - broadband connection,In person,150,150,8,1,1,1,2,6,0,1,2,2,6,3,Some,Graduate degree,Other,Freeze time,Happy,Religious figure,"Wildlife, animals"
USA,TN,2021,12        ,Female,17,Right-Handed,154.9,23,154,1,Car,30,.368,46,Dancing,684,310,374,316,508,829,23,Right foot,83,76,Index finger,March,Fall,No,No,Breads/Sandwiches,Water,History,5,10,3,Yes - broadband connection,Internet chat or instant messaging,5,20,6,1,10,21,2,1,5,10,10,5,3,2,Some,Graduate degree,Rock and roll,Fly,Happy,Relative,Education/Youth development
USA,IN,2021,10        ,Female,15,Right-Handed,5’4,25,168,1,Car,30,7.03,55,Basketball,55,55,55,55,100,1000,24,Right foot,80,80,Same length,November,Spring,No,No,Meat,Soft drink (caffeinated),Other,4,7,6,Yes - other,Text messaging,"1,600",1500,12,20,1,1,10,1,15,18,20,1,20,2,A lot,Some college,Rap/Hip hop,Telepathy,Rich,Relative,"Wildlife, animals"
USA,CA,2017,10        ,Male,15,Right-Handed,170,27,60,1,Car,7,0.132,55,Other,1000,1000,1000,1000,100,700, 27,Same length,13,32,Ring finger,August,Summer,No,No,Other,Water,Other,6,10,6,Yes - other,"Myspace, Facebook, other social networking sites, or blog",100,100,8,1,3,5,5,10,4,1,3,1,8,0,Some,Other,Rock and roll,Freeze time,Famous,Other,Health
USA,AR,2016,8         ,Male,13,Right-Handed,176,28,178,1,Car,15,.291,39,Basketball,850,701,610,679,374,1000,28,Same length,8,8,Same length,November,Winter,No,No,Desserts,Soft drink (caffeinated),Mathematics and statistics,8,11,5,Yes - broadband connection,Text messaging,1,2,2,0,1,2,1,5,5,0,5,1,1,1,Some,Graduate degree,Other,Invisibility,Healthy,Relative,Other
USA,IN,2018,11        ,Male,14,Right-Handed,180,,,2,Bus,10,0.389,34,Athletics,775,610,310,845,824,824,,,,,,July,Fall,No,No,Pizza/Pasta,Water,Music,6,10,5,Yes - broadband connection,Internet chat or instant messaging,150,500,16,,,,,8,,,,,,,,,,,,,
USA,NY,2018,12        ,Female,18,Right-Handed,163,24,157,1,Car,12,0.337,33,Basketball,893,701,658,631,439,439,23,Right foot,76,66,Index finger,September,Summer,No,No,Pizza/Pasta,Water,Mathematics and statistics,7,9,4,Yes - broadband connection,Text messaging,45,40,20,2,8,4,12,0,30,10,14,16,12,3,Some,Graduate degree,Country,Telepathy,Healthy,Relative,Health
USA,CA,2024,12        ,Female,16,Right-Handed,167,24,162,2,Car,10,0.334,31,Basketball,700,700,700,700,800,800,25,Left foot,85,78,Index finger,January,Winter,No,No,Rice/Noodle dishes,Water,Computers and technology,6,10,4,Yes - other,Text messaging,50,50,2,0.5,20,5,2,1,2,1,20,2,1,1,A lot,Graduate degree,Pop,Fly,Rich,Sports person,"Wildlife, animals"
USA,MA,2022,12        ,Male,17,Right-Handed,173.7,25.7,182.8,1,Bus,35,.267,34,Baseball/Softball,1000,845,455,433,770,850,25.7,Same length,60,62,Ring finger,August,Winter,No,No,Pizza/Pasta,Water,Computers and technology,6,10,5,Yes - broadband connection,Internet chat or instant messaging,0,0,1,20,3,5,2,30,10,3,30,5,0,0,Some,High school,Other,Freeze time,Happy,Sports person,Health
USA,IL,2026,12        ,Male,17,Right-Handed,,,,2,Car,5-8,,,,,,,,,,,Same length,,,Same length,August,Summer,No,Yes,Pizza/Pasta,Powdered drink,Computers and technology,5,9,4,Yes - other,Text messaging,,,1,1,2,,,,,,,,,,Some,Graduate degree,,,,,Religious
USA,AR,2016,5         ,Male,10,Right-Handed,144,167,136,1,Bus,5,.689,70,Basketball,900,850,950,700,300,400,167,Same length,143,143,Same length,May,Summer,No,No,Pizza/Pasta,Water,Social studies,10,11,12,Yes - other,In person,0,0,24,0,10,4,16,0,0,0,0,16,0,5,Very little,Some college,Rap/Hip hop,Telepathy,Rich,Relative,Education/Youth development
USA,CA,2016,11        ,Female,17,Right-Handed,160,25,157,2,Walk,16,.559,45,Other,813,789,800,498,900,973,25,Left foot,80,90,Ring finger,June,Winter,Yes,No,No favorite,Water,Mathematics and statistics,8,9,4,Yes - other,Cell phone,100,150,80,70,50,90,70,50,90,80,85,70,20,80,A lot,Graduate degree,Other,Super strength,Happy,Relative,International aid
USA,VA,2018,4         ,Female,10,Right-Handed,,,,2,Bus,10,0.688,65,Football (American),1000,1000,1000,1000,0,0,,,,,,July,Summer,Yes,No,No favorite,Water,Art,9,2,,,,,,,,,,,,,,,,,,,,Rap/Hip hop,Freeze time,Healthy,Teacher,Health
USA,TX,2025,12        ,Female,18,Right-Handed,1.60,22,53,2,Car,6,0.414,46sec,Swimming,,,,,,,9cm,Same length,3.5,2.6,Index finger,February,Winter,Yes,No,Seafood,Energy drink,Mathematics and statistics,6,4,5,Yes - other,Text messaging,59,59,5,8,1/2,6,,,,,,,,,,,,,,,
USA,IN,2015,12        ,Male,18,Right-Handed,174,27,190,1,Car,15,.697,41,Lacrosse,900,700,1000,1000,300,400,26,Right foot,120,135,Ring finger,July,Fall,Yes,No,Meat,Water,History,5,3,4,Yes - broadband connection,Text messaging,250,260,6,2,3,15,25,0,8,8,8,3,25,10,Some,Undergraduate degree,Country,Freeze time,Happy,Community leader or elder,International aid
USA,FL,2015,7         ,Female,12,Right-Handed,165,105,157,1,Car,20,.471,46,Swimming,500,500,20,800,500,700,105,Same length,290,290,Same length,January,Winter,Yes,No,Other,Tea,History,8.5,7,5,Yes - broadband connection,In person,0,50,35,0,8,10,15,0,1,1,5,3,0,0,A lot,Graduate degree,Other,Fly,Healthy,Religious figure,Religious
USA,NC,2025,12        ,Male,17,Ambidextrous,"5""8",12,23,2,Car,15,0.666,60,Other,500,500,500,500,500,500,12,Same length,25,24,Same length,November,Summer,Yes,No,Seafood,Water,Music,7,10,3,Yes - broadband connection,In person,none,none,3,3,0,1,2,0,0,0,0,1,4,0,A lot,Graduate degree,Gospel,Super strength,Happy,Religious figure,Religious
USA,CA,2016,9         ,Male,15,Right-Handed,,,,2,Walk,10,0.008,35,Soccer,900,800,1000,700,400,600,,Same length,,,Same length,December,Winter,No,No,Meat,Sports drink,Mathematics and statistics,7,10,9,Yes - broadband connection,Text messaging,10,10,30,1,10,4,10,0,10,2,3,2,18,3,Very little,Graduate degree,Techno/Electronic,Freeze time,Famous,Sports person,Education/Youth development
USA,AK,2023,12        ,Female,16,Right-Handed,4’11,203cm,133,2,Car,10,0.695,50sec,Other,1000,1000,500,500,300,1000,,,,,,,,,,,,,,,,,,,,,,,,,,,,,,,,,,,,,,
USA,UT,2016,12        ,Female,17,Right-Handed,160,,156,2,Car,7,,,Walking/Hiking,,,,,,,24,,80,90,Ring finger,February,Fall,Yes,No,Seafood,Water,Other,7,7,5,Yes - broadband connection,"Myspace, Facebook, other social networking sites, or blog",10,5,6,1,3,1,1,0,20,12,5,4,24,3,Some,Less than high school,Other,Telepathy,Healthy,Other,Health
USA,AZ,2024,12        ,Female,17,Right-Handed,160,,,1,Car,10,0.312,40,Walking/Hiking,1000,800,600,400,400,500,,Same length,,,Index finger,March,Fall,No,No,Salads,Water,Art,7,9,5,Yes - broadband connection,"Myspace, Facebook, other social networking sites, or blog",20,20,6,6,0,8,7,7,20,10,30,2,0,1,Some,Graduate degree,Rhythm and blues (R&B),Fly,Happy,Musician or singer,International aid
USA,NC,2021,12        ,Female,16,Right-Handed,160,24,64,2,Bus,7,0.405,45,Walking/Hiking,500,500,500,500,1000,1000,24,Same length,8.4,7.3,Index finger,October,Fall,No,No,No favorite,Water,Other,5,12,4,Yes - broadband connection,In person,30,30,1,10,20,9,0,0,10,7,20,0,0,5,A lot,Graduate degree,Pop,Telepathy,Happy,Friend,Health
USA,PA,2016,10        ,Female,16,Right-Handed,162.5,25,165,1 ,Car,3,3 ,36,Walking/Hiking,1000,1000,1000,1000,200,200,24.5,Left foot,9,7.5,Index finger,April,Summer,Yes,Yes,Fruit,Water,Other,7,10,2,Yes - other,Text messaging,100,100,18,7,7,7,10,2,10,10,10,7,2,4,Some,Other,Reggae,,,,
USA,CA,2018,8         ,Female,14,Right-Handed,184,23,165,2,Bus,25,.306,39,Other,1000,889,900,950,600,700,23,Same length,65,75,Ring finger,November,Fall,No,No,Desserts,Water,English,8,10,4,Yes - broadband connection,Text messaging,10,6,2,0,8,8,10,1,0,2,10,9,0,1,Very little,Graduate degree,Pop,Fly,Happy,Sports person,Environment
USA,NC,2024,12        ,Female,16,Right-Handed,165,26,165,1,Car,15,.328,56,Other,508,342,353,545,326,695,25,Right foot,90,75,Index finger,May,Fall,Yes,No,Pizza/Pasta,Water,English,6,10,4,Yes - broadband connection,Other,15,25,15,6,2,5,6,2,16,7,40,4,5,1,Some,Graduate degree,Rhythm and blues (R&B),Fly,Happy,Religious figure,International aid
USA,WI,2016,8         ,Female,13,Right-Handed,158,23,156 ,1,Car,8 ,0.619,80,Other,0,0,0,50,0,1000,23,Same length,0.8 ,0.8,Same length,June,Summer,No,No,Meat,Juice,Languages,8,6,3,Yes - other,Text messaging,700,700,90,80,1,100,80,0,1000,1000,1000,20,0,3,Very little,Graduate degree,Country,Invisibility,Healthy,Other,International aid
USA,IN,2016,10        ,Female,15,Right-Handed,164.9,22.3,165.9,2,Car,12,0.356,29,Other,738,786,925,332,1000,1000,22,Right foot,73,76,Ring finger,March,Spring,No,No,Pizza/Pasta,Water,English,6,12,4,Yes - broadband connection,Cell phone,12,36,45,1,6,1,12,0,6,3,20,3,0,0,Some,Graduate degree,Pop,Fly,Happy,Friend,Environment
USA,NC,2018,12        ,Female,18,Right-Handed,163,9,152.8,1,Car,20,0.826,49,Martial Arts,,,,,,,8,Right foot,79,85,Ring finger,August,Summer,No,No,Rice/Noodle dishes,Water,Art,6,10,4,Yes - broadband connection,Cell phone,100,200,10,1,15,5,12,0,12,30,100,5,10,5,A lot,Graduate degree,Country,Fly,Happy,Friend,Health
USA,MI,2013,11        ,Female,17,Left-Handed,162.2,24.6,165.3,2,Car,10,.373,45,Other,449,594,1000,1000,273,422,24.89,Left foot,80,88,Ring finger,February,Spring,Yes,No,Seafood,Water,Music,6.5,12,6,Yes - other,Text messaging,20,10,1,1,5,8,0,3,10,10,15,10,0,3,A lot,Graduate degree,Other,Telepathy,Happy,Relative,Health
USA,GA,2014,12        ,Female,17,Right-Handed,171,24,71,1,Bus,10,5.251,74,Basketball,100,100,100,100,750,950,25,Left foot,90,100,Ring finger,August,Summer,No,No,Pizza/Pasta,Sports drink,Physical education,6,8,5,Yes - other,Text messaging,250,250,4,5,5,6,10,6,4,15,6,7,8,5,A lot,Graduate degree,Rap/Hip hop,Freeze time,Rich,Sports person,Health
USA,MI,2013,12        ,Female,17,Right-Handed,165,24,165,2,Car,7,.404,37,Dancing,900,900,1000,1000,500,500,24,Same length,68,64,Index finger,May,Summer,No,Yes,Desserts,Water,Science,6.5,10,3,Yes - broadband connection,In person,37,41,20,1,20,10,14,0,1,1,4,2,3,5,A lot,Graduate degree,Other,Fly,Happy,Friend,International aid
USA,NC,2023,12        ,Male,17,Right-Handed,170,29,166,1,Car,13,0.324,41,Other,754,636,588,856,1000,1000,29,Same length,85,80,Index finger,November,Winter,No,No,Meat,Water,History,7,9,3,Yes - broadband connection,Text messaging,10,10,40,3,1,10,10,14,15,5,18,7,4,2,Some,Some college,Other,Fly,Happy,Other,Environment
USA,IN,2024,12        ,Female,18,Left-Handed,157,23,162,1,Car,15,.433,33,Other,555,100,1000,588,666,696,23,Same length,,2 1/2,Same length,June,Summer,No,No,Soups,Water,Other,8,15min,125,Yes - other,Cell phone,3k,10k,18,25,0,4,13,0,3,5,4,3,8,7,None,Other,Country,Telepathy,Rich,Friend,"Wildlife, animals"
USA,PA,2016,12        ,Male,17,Right-Handed,180,18,176,1,Car,8,.423,48,Baseball/Softball,100,200,150,500,600,850,18,Same length,8,8.5,Ring finger,August,Summer,Yes,No,Meat,Tea,Computers and technology,9,9,4,Yes - broadband connection,Text messaging,50,55,8,0,3,3,10,0,5,5,2,4,0,0,Very little,Undergraduate degree,Country,Telepathy,Rich,Relative,Health
USA,AK,2018,12        ,Male,17,Right-Handed,184,30,195,2,Car,11,0.724,52,Football (American),1000,1000,1000,1000,1000,1000,30,Same length,18,19,Ring finger,April,Summer,Yes,No,Other,Water,Physical education,8,10,10,Yes - other,Internet chat or instant messaging,50,50,6,7,1,2,6,7,1,1,1,2,0,2,Some,Graduate degree,Other,Freeze time,Happy,Sports person,Religious
USA,TX,2015,5         ,Male,11,Right-Handed,148,23,150,2,Car,3,0.5,54,Soccer,1000,1000,1000,1000,1,999,23,Same length,6,9,Index finger,March,Summer,Yes,No,Fruit,Energy drink,History,7,5,5,Yes - broadband connection,Other,0,0,2,4,1,6,5,2,3,2,0,1,6,3,Some,Some college,Rap/Hip hop,Fly,Healthy,Sports person,Health
USA,NY,2014,12        ,Male,16,Right-Handed,183,29,183,1,Car,5,.18,34,Soccer,700,900,1000,800,1000,1000,29,Same length,67,72,Ring finger,April,Spring,No,No,Pizza/Pasta,Water,Science,8,10,4,Yes - broadband connection,In person,20,30,12,2,4,6,2,2,8,5,4,3,8,6,A lot,Graduate degree,Rap/Hip hop,Fly,Healthy,Doctor or nurse,"Wildlife, animals"
USA,NY,2017,6         ,Female,11,Right-Handed,139,21,131,2,Walk,15,0.346,50,Dancing,610,380,920,385,310,690,21,Same length,70,69,Index finger,December,Summer,No,No,Desserts,Water,Music,9,10,5,Yes - other,Text messaging,20,135,40,1,10,45,7,0,7,6,8,10,0,2,Very little,Graduate degree,Other,Fly,Happy,Community leader or elder,Health
USA,CT,2016,12        ,Male,17,Right-Handed,188,28,190,2,Car,6,.324,73,Basketball,400,700,500,600,800,1000,28,Same length,88,100,Ring finger,December,Fall,No,No,Meat,Water,Science,9,9,6,Yes - broadband connection,In person,30,25,10,1,5,15,8,0,3,4,20,2,0,15,Very little,Graduate degree,Rock and roll,Freeze time,Happy,Doctor or nurse,Religious
USA,AL,2022,12        ,Male,19,Right-Handed,13.97,21.59,13.97,1,Car,20,0.308,41,Soccer,1000,750,460,1000,444,1000,22.29,Left foot,7,7,Same length,February,Fall,No,No,Meat,Water,English,7,5,4,Yes - other,Internet chat or instant messaging,1,1,8,3,1,7,6,7,4,3,9,7,1,4,Very little,Some college,Rap/Hip hop,Freeze time,Rich,Sports person,"Wildlife, animals"
USA,GA,2024,11        ,Male,16,Right-Handed,174,60,35,3,Car,15,0.135,40,Soccer,1000,508,1000,,,,58,Right foot,80,75,Index finger,June,Summer,No,No,Rice/Noodle dishes,Soft drink (caffeinated),Other,7,4,5,Yes - other,Cell phone,31,40,40,3,5,5,4,6,2,2,1,2,15,5,Some,Other,Other,Super strength,Healthy,Relative,Health
USA,PA,2022,12        ,Female,18,Right-Handed,152.4,25,150,1,Car,10,0.359,54,Other,888,898,1000,963,829,1000,24,Right foot,60,61,Ring finger,June,Summer,No,No,Breads/Sandwiches,Coffee,Mathematics and statistics,5,10,4,Yes - broadband connection,Internet chat or instant messaging,5,13,10,7,7,10,15,10,10,14,14,12,6,3,Some,Undergraduate degree,Country,Fly,Happy,Relative,Health
USA,AZ,2022,12        ,Female,17,Right-Handed,157,17.78,,1,Car,9,0.312,36,Other,1000,797,1000,1000,100,550,17.78,Same length,70,62,Index finger,December,Winter,No,No,Vegetables,Water,Other,6,10,3,No internet connection,Other,100,100,28,50,4,0,0,5,5,39,0,4,30,2,Some,Some college,Country,Telepathy,Happy,Relative,Other
USA,NC,2023,12        ,Male,17,Right-Handed,175,25,180,3,Car,17,0.239,43,Soccer,963,262,701,845,856,866,25,Same length,55,65,Ring finger,May,Summer,No,No,Meat,Water,English,9,10,6,Yes - broadband connection,Text messaging,150,150,70,20,14,15,14,5,20,10,20,5,0,15,Very little,Graduate degree,Rap/Hip hop,Invisibility,Happy,Sports person,International aid
USA,WA,2026,10        ,Female,15,,,,,,,,,,,,,,,,,,,,,,,,,,,,,,,,,,,,,,,,,,,,,,,,,,,,,,
USA,VT,2023,12        ,Male,17,Right-Handed,190,28,176,2,Car,10 m ,0.3 ,51,Soccer,90,80,90,70,90,90,24,Same length,15,,,,,,,,,,,,,,,,,,,,,,,,,,,,,,,,,,,
USA,WI,2014,8         ,Female,13,Right-Handed,153,22,145,3,Bus,15,.366,40,Gymnastics,455,636,888,775,219,583,23,Left foot,65,55,Index finger,August,Summer,Yes,No,Poultry,Water,History,7,8,6,Yes - broadband connection,In person,20,25,6,1,1.5,20,6,7,8,20,10,15,3,10,Very little,Graduate degree,Punk rock,Invisibility,Happy,Actor,"Wildlife, animals"
USA,CO,2025,9         ,Female,15,Right-Handed,175,,,1,Car,10,0.323,33,Basketball,700,800,600,600,400,700,,Same length,,,,June,Winter,No,No,Fruit,Water,Physical education,8,9,6,Yes - broadband connection,Text messaging,20,15,7,8,7,8,6,8,8,8,8,8,8,8,Some,Graduate degree,Gospel,Fly,Happy,Relative,Health
USA,FL,2024,12        ,Female,16,Right-Handed,162,21.59,122,1,Bus,60,1.425,37,Other,1000,1000,920,722,599,610,21.59,Same length,77.8,88.9,Ring finger,October,Winter,No,No,Pizza/Pasta,Water,Science,6,8,5,Yes - other,In person,124,238,19,6,2,18,7,1,12,3,4,6,0,0,Some,Graduate degree,Rhythm and blues (R&B),Fly,Rich,Relative,Environment
USA,MD,2019,12        ,Female,16,Right-Handed,157.5,24.5,,3,Bus,26,0.376,42,Other,547,632,264,789,1000,1000,23.5,Right foot,69,71,Index finger,July,Fall,Yes,No,Fruit,Water,English,6.5,9,4,Yes - broadband connection,Text messaging,170,264,4,6,15,10,4,0,3,5,70,8,2,3,Some,Graduate degree,Pop,Telepathy,Happy,Friend,Education/Youth development
USA,WA,2019,11        ,Female,17,Right-Handed,162,20.32,165.1,3,Bus,10,0.803,29,Soccer,500,500,500,500,999,999,20.32,Same length,101.6,102,Ring finger,August,Summer,Yes,No,Pizza/Pasta,Soft drink (caffeinated),Art,6,21,4,Yes - other,Text messaging,3,10,3,1,1,2,1,6,6,5,6,6,4,2,A lot,Graduate degree,Other,Telepathy,Rich,Musician or singer,"Wildlife, animals"
USA,OH,2020,12        ,Female,17,Left-Handed,175,25,175,1,Car,7,.361,58,Walking/Hiking,909,888,995,856,615,727,25,Same length,90,90,Same length,February,Fall,No,No,Rice/Noodle dishes,Water,English,9,11,5,Yes - broadband connection,Text messaging,100,100,8,1,20,2,0,0,6,5,35,6,0,1,Some,Graduate degree,Rhythm and blues (R&B),Telepathy,Happy,Musician or singer,Health
USA,CA,2021,12        ,Female,16,Right-Handed,173,22,153,1,Car,6,0.43,58,Swimming,1000,800,700,600,1000,1000,21,Right foot,17,19,Index finger,September,Fall,Yes,No,Meat,Water,History,8,6,4,Yes - other,Text messaging,10,8,12,20,9,4,18,25,3,3,26,18,10.5,2,A lot,Graduate degree,,Super strength,Happy,Friend,"Wildlife, animals"
USA,OK,2012,12        ,Male,14,Right-Handed,175,,,,,,,,,,,,,,,,,,,,,,,,,,,,,,,,,,,,,,,,,,,,,,,,,,,,
USA,DC,2010,9         ,Female,15,Right-Handed,164,26,147,1,Bus,30,0.531,100,Athletics,1000,1000,500,,1000,1000,26,Same length,9,9,Same length,August,Summer,Yes,No,Poultry,Soft drink (caffeinated),Art,7,9,6,Yes - other,Text messaging,95,99,10,4,2,1,,1,2,10,10,3,10,8,A lot,High school,Other,Super strength,Famous,Relative,"Arts, culture, sports"
USA,MI,2019,9         ,Female,15,Ambidextrous,152,21,73,1,Car,20,.72,49,Swimming,900,900,950,950,75,100,21,Same length,70,75,Ring finger,February,Fall,No,No,Pizza/Pasta,Water,Other,7,10,3,Yes - other,Text messaging,120,110,40,0,6,4,15,.5,5,5,3,4,0,1,A lot,Graduate degree,Other,Telepathy,Famous,Actor,"Wildlife, animals"
USA,IL,2014,12        ,Male,17,Right-Handed,176,27,179,3,Bus,22,.756,73,Dancing,650,650,500,400,999,1000,27,Same length,108,108,Same length,October,Summer,No,No,No favorite,Water,Languages,6.5,10,5,Yes - broadband connection,In person,30,40,12,1,20,20,0,0,20,20,44,8,16,3,Very little,Graduate degree,Other,Freeze time,Happy,Musician or singer,International aid
USA,CA,2026,12        ,Male,18,Right-Handed,188,25,180,2,Walk,15,0.405,46,None,500,500,600,200,1000,1000,25,Same length,91,89,Index finger,July,Fall,No,No,Rice/Noodle dishes,Tea,History,6,10,2,Yes - broadband connection,Internet chat or instant messaging,30,30,1,0,15,7,0,10,5,3,80,0,0,1,Some,Graduate degree,Classical,Telepathy,Happy,Politician,Health
USA,CA,2016,12        ,Male,18,Right-Handed,180,27,187,2,Car,13,.67,59,Basketball,743,1000,620,733,1000,620,27,Same length,92,93,Ring finger,January,Fall,Yes,No,Pizza/Pasta,Water,Other,6,8,8,Yes - broadband connection,Internet chat or instant messaging,0,0,4,.5,9.5,3,7,5,10,13,16,7,8,4,Some,Graduate degree,Pop,Super strength,Rich,Community leader or elder,"Wildlife, animals"
USA,OH,2011,6         ,Female,11,Right-Handed,149,22,141,1,Bus,8,0.406,28,Swimming,500,400,50,,1000,1000,22,Same length,70,80,Ring finger,October,Spring,Yes,No,Seafood,Soft drink (caffeinated),Languages,7,10,4,Yes - other,Telephone,0,0,2,3,4,10,8,6,1,0,10,15,1,15,None,Graduate degree,Pop,Telepathy,Happy,Relative,"Wildlife, animals"
USA,CA,2024,12        ,Female,16,Right-Handed,160,27,167,2,Car,10,0.371,29,Other,900,900,1000,1000,800,1000,27,Same length,7,7,Same length,September,Fall,No,No,No favorite,Water,Other,7,10,4,Yes - other,Text messaging,10,10,7,3,3,4,5,0,7,2,4,3,0,2,Some,Graduate degree,Other,Freeze time,Happy,Relative,Health
USA,FL,2015,7         ,Female,12,Left-Handed,145,95,145,1,Car,30,.725,32,Soccer,100,150,50,500,950,1000,,,,,,,,,,,,,,,,,,,,,,,,,,,,,,,,,,,,,,
USA,CA,2025,12        ,Male,18,Right-Handed,181,26,187,1,Car,10,0.285,26,Athletics,900,950,400,800,950,1000,25,Right foot,98,105,Ring finger,December,Fall,No,No,Fruit,Water,Mathematics and statistics,7,10,4,Yes - broadband connection,In person,200,200,23,14,1,30,18,20,6,2,75,1,4,8,None,Undergraduate degree,Other,Freeze time,Happy,Relative,Health
USA,NC,2025,12        ,Female,16,Right-Handed,160,24.13,160,1,Car,12,0.325,33,Gymnastics,374,187,251,497,80,1000,25.4,Left foot,76.2,63.5,Index finger,April,Summer,Yes,No,Rice/Noodle dishes,Soft drink (caffeinated),Other,7,11,4,Yes - other,In person,8,10,138,24,5,24,2,0,160,2,160,4,0,3,Some,Graduate degree,Rap/Hip hop,Telepathy,Rich,Relative,Health
USA,NJ,2013,12        ,Male,17,Ambidextrous,187,30,180,1,Car,5,0.756,52,Baseball/Softball,807,604,75,439,16,43,28,Right foot,90,110,Ring finger,September,Spring,Yes,No,Meat,Soft drink (caffeinated),Physical education,8,4,3,Yes - broadband connection,Text messaging,2,50,14,1,9,3,15,10,7,5,10,5,0,0,Some,Some college,Rap/Hip hop,Fly,Rich,Sports person,Health
USA,FL,2021,11        ,Male,16,Right-Handed,186,28,195,3,Car,5,0.249,0.752,Swimming,700,750,800,600,900,950,29,Left foot,8.5,9,Ring finger,July,Summer,No,Yes,Pizza/Pasta,Water,Music,6,8,4,Yes - broadband connection,"Myspace, Facebook, other social networking sites, or blog",1,1,0,8,10,6,12,6,10,2,30,10,0,6,Some,Some college,Punk rock,Telepathy,Famous,Musician or singer,Health
USA,CA,2014,6         ,Male,11,Right-Handed,155,25,154,1,Car,12.5,0.175,34,Soccer,610,561,604,588,250,750,25,Same length,70,70,Same length,July,Summer,Yes,No,Fruit,Milk,Art,9.5,6,4,Yes - other,Text messaging,3,6,35,.5,18,2.5,7,2,1,1,5,3,.5,2,A lot,Other,Rap/Hip hop,Freeze time,Famous,Coach or club leader,"Wildlife, animals"
USA,WI,2015,10        ,Female,14,Right-Handed,158,25,152,1,Car,15,.464,84,Athletics,1000,1000,1000,10005,610,,25,Same length,100,90,Ring finger,January,Winter,No,No,Fruit,Water,Science,9,11,2,Yes - other,Text messaging,3,5,36,2,10,15,3,0,2,1,12,1,0,3,Some,Graduate degree,Pop,Fly,Healthy,Other,"Wildlife, animals"
USA,GA,2017,9         ,Male,15,Right-Handed,152,25,165,2,Bus,60,0.259,45,Football (American),234,561,678,534,789,1000,25,Same length,900,900,Same length,October,Summer,Yes,No,Pizza/Pasta,Water,Physical education,8,10,4,Yes - broadband connection,Text messaging, 20,100,120,5,8,68,5,12,18,15,69,9,0,3,Some,Some college,Rap/Hip hop,Super strength,Rich,Sports person,"Wildlife, animals"
USA,AZ,2012,12        ,Female,17,Right-Handed,154,22,162,1,Car,8,0.359,36,None,200,400,600,800,50,50,22,Same length,80,70,Index finger,January,Fall,Yes,No,Desserts,Other,Mathematics and statistics,5,8,4,Yes - broadband connection,Cell phone,25,28,30,3,20,6,2,1,0,8,4,10,30,20,A lot,Graduate degree,Country,Invisibility,Happy,Business person,Health
USA,NY,2020,6         ,Female,11,Right-Handed,152.4,24cm,133cm,2 ,Rail (Train/Tram/Subway),50,0.552,,Dancing,802,332,893,898,749,594,23,Same length,170.5,170,Index finger,July,Summer,No,No,Desserts,Water,Mathematics and statistics,9,12,7,Yes - other,Text messaging,2,0,0,2,10,4,2,2,1,0,11,1,0,6,A lot,Graduate degree,Rap/Hip hop,Fly,Healthy,Business person,Education/Youth development
USA,NC,2024,12        ,Female,18,Right-Handed,162.6,25.2,36,1,Car,10, 0.39,42,Walking/Hiking,85,60,50,70,50,60,25,Right foot,101.6,101.6,Same length,November,Fall,Yes,No,Poultry,Water,Other,6,9,5,Yes - other,Text messaging,25,40,5,6,8,14,6,3,10,6,10,5,20,5,A lot,High school,Other,Freeze time,Happy,Relative,"Wildlife, animals"
USA,MI,2024,12        ,Female,17,Right-Handed,168,25,78,1,Car,56,0.369,53,Walking/Hiking,1000,882,508,262,845,963,26,Left foot,6,7,Ring finger,December,Fall,Yes,Yes,Breads/Sandwiches,Soft drink (caffeinated),English,5,5,4,Yes - broadband connection,Cell phone,21,30,42,63,14,7,21,54,24,24,24,53,35,14,A lot,Graduate degree,Rap/Hip hop,Invisibility,Rich,Relative,International aid
USA,WI,2016,7         ,Male,12,Left-Handed,160,22,159,1,Bus,15,0.336,40,Basketball,500,100,4,200,0,10,24,Left foot,70,65,Index finger,May,Summer,No,No,Pizza/Pasta,Water,History,8,9,6,Yes - broadband connection,Text messaging,10,20,10,5,1,8,12,2,4,8,9,7,5,9,Some,Graduate degree,Country,Invisibility,Healthy,Sports person,"Wildlife, animals"
USA,MI,2022,12        ,Female,17,Right-Handed,183,27,178,1,Car,7,0.567,43,Tennis,850,800,650,500,300,650,26,Right foot,70,75,Ring finger,July,Spring,Yes,No,No favorite,Water,Art,8,10,4,Yes - broadband connection,"Myspace, Facebook, other social networking sites, or blog",10,25,6,1,10,8,10,0,4,1,12,2,0,4,Some,Graduate degree,Rhythm and blues (R&B),Fly,Happy,Relative,Education/Youth development
USA,PA,2013,12        ,Female,17,Right-Handed,160.2,20.32,156.2,1,Car,10,0.483,37,Dancing,524,668,,,,,,,,,,,,,,,,,,,,,,,,,,,,,,,,,,,,,,,,,,
USA,IN,2020,10        ,Female,16,Right-Handed,,,,1,Car,5,0.755,51,Walking/Hiking,75,75,85,90,10,15,,Same length,,,Ring finger,August,Fall,Yes,No,Rice/Noodle dishes,Water,History,6,9,4,Yes - other,Internet chat or instant messaging,30,35,10,5,5,15,8,0,5,5,10,5,0,5,A lot,Some college,Pop,Invisibility,Happy,Friend,Education/Youth development
USA,CA,2016,12        ,Female,16,Left-Handed,5,21,161.2,2,Car,3,.40,39,Swimming,200,0,900,100,500,1000,20,Right foot,70,70,Same length,October,Winter,No,No,No favorite,Water,History,8,12,5,Yes - broadband connection,Text messaging,50,60,30,15,20,50,10,5,60,15,35,25,0,30,Some,Other,Pop,Telepathy,Rich,Relative,"Wildlife, animals"
USA,WA,2023,12        ,Male,17,Right-Handed,175,25,68,2,Car,10,4,5,Other,920,508,1000,963,107,1000,26,Left foot,10,14,Ring finger,December,Spring,No,No,Meat,Water,Computers and technology,7,9,6,Yes - broadband connection,In person,15,25,5,1,3,4,6,1,2,2,7,0,10,10,None,Other,Other,Super strength,Rich,Relative,Other
USA,FL,2018,12        ,Male,17,Right-Handed,174,26,164,2,Car,25,.736,76,Baseball/Softball,500,600,600,400,600,700,27,Left foot,100,100,Same length,September,Spring,No,No,Desserts,Powdered drink,Mathematics and statistics,6,8,4,Yes - other,In person,94,95,5,2,10,12,13,0,6,5,1,1,0,5,A lot,Graduate degree,Rap/Hip hop,Invisibility,Happy,Sports person,"Arts, culture, sports"
USA,WA,2024,11        ,Male,16,Right-Handed,175.3,22.9,155,2,Car,10,0.374,38,Soccer,80,80,70,75,30,20,22.9,Same length,70,17.70,Same length,February,Summer,No,No,Meat,Sports drink,Other,8,9,3,Yes - other,Text messaging,200,180,4,10,2,5,3,2,1,3,8,1,3,1,Very little,Other,Rap/Hip hop,Invisibility,Happy,Business person,Education/Youth development
USA,DE,2012,12        ,Male,17,Right-Handed,170,25.4,160,1,Car,15,.327,39,Football (American),246,444,171,567,476,797,25.4,Same length,30,30,Same length,December,Fall,No,No,Meat,Sports drink,Social studies,8,10,5,Yes - other,,20,21,5,.5,1,2,10,3,3,2,5,15,10,1,Some,Graduate degree,Rap/Hip hop,Fly,Happy,Relative,Health
USA,TX,2013,5         ,Male,12,Right-Handed,146,23,122,2,Walk,5,0.271,36,Football (American),,,,,,1000,23,Same length,70,60,Ring finger,November,Summer,No,No,Meat,Water,,6,3,5,Yes - other,"Myspace, Facebook, other social networking sites, or blog",6,5,1,2,1,2,1,3,1,1,1,1,,1,Very little,Graduate degree,Rap/Hip hop,Invisibility,Famous,Sports person,"Wildlife, animals"
USA,NJ,2025,11        ,Female,16,Left-Handed,158,19,140,1,Bus,30,0.47,57,Walking/Hiking,900,300,450,200,134,980,19,Same length,0.8,0.8,Same length,October,Fall,Yes,No,Pizza/Pasta,Soft drink (caffeinated),History,7,10,4,Yes - broadband connection,"Myspace, Facebook, other social networking sites, or blog",56,30,4,3,0,5,0,3,8,4,9,1,18,2,Very little,Some college,Rap/Hip hop,Telepathy,Happy,Actor,Environment
USA,WA,2022,11        ,Male,16,Right-Handed,5'6,25.4,5'6,2,Car,6,.391,59,Other,100,40,60,100,70,80,24.4,Same length,63.5,65,Ring finger,May,Winter,No,No,Seafood,Tea,Geography,6,12,4,Yes - broadband connection,In person,4,7,28,.2,1,.5,0,30+,20+,2,48,0,0,.2,A lot,Some college,Other,Telepathy,Happy,Other,Environment
USA,CA,2021,12        ,Male,17,Right-Handed,193,27,191,1,Walk,2,.362,39,Baseball/Softball,950,700,700,780,500,800,27,Same length,85,85,Same length,January,Fall,No,No,Meat,Water,History,7,9,2,Yes - broadband connection,Cell phone,6,30,6,2,6,3,8,0,4,4,8,2,0,3,Very little,Graduate degree,Rap/Hip hop,Telepathy,Rich,Sports person,"Wildlife, animals"
USA,KS,2015,12        ,Female,16,Right-Handed,153,22,150,3,Bus,10,1.125,52,Tennis,1000,1000,1000,10000,750,750,22,Same length,70,70,Same length,July,Summer,No,No,Rice/Noodle dishes,Milk,Art,5,6,5,Yes - broadband connection,Internet chat or instant messaging,100,300,0,1,20,1,0,40,30,30,120,0,0,7,A lot,Graduate degree,Other,Telepathy,Happy,Friend,"Wildlife, animals"
USA,PA,2023,12        ,Female,17,Right-Handed,170,24.13,162,1,Car,30,.505,413,Rowing,800,800,800,800,500,750,24.13,Right foot,80,75,Index finger,July,Fall,No,No,Pizza/Pasta,Water,Art,8,9,4,Yes - broadband connection,Text messaging,150,197,3,6, 14,15,10,0,10,20,20,1,0,3,A lot,Graduate degree,Pop,Fly,Happy,Friend,"Wildlife, animals"
USA,ID,2024,10        ,Male,17,Ambidextrous,171,27,176,2,Car,8,.405,39,Martial Arts,100,600,300,0,600,700,28,Left foot,85,95.5,Ring finger,July,Winter,No,No,Rice/Noodle dishes,Water,Physical education,7,10,4,Yes - broadband connection,Cell phone,10,13,30,2,0,15,20,4,1,1,6,8,20,10,Some,Undergraduate degree,Reggae,Freeze time,Healthy,Coach or club leader,"Wildlife, animals"
USA,PA,2024,12        ,Female,17,Right-Handed,154.9,24,157,1,Car,6,0.563,56,Tennis,1000,300,600,500,985,1000,23,Right foot,90,70 mm,Index finger,February,Summer,No,No,Pizza/Pasta,Water,History,6,9,6,Yes - broadband connection,"Myspace, Facebook, other social networking sites, or blog",4,4,9,2,1,2,2,3,5,1,2,3,8,1,A lot,Graduate degree,Rap/Hip hop,Freeze time,Rich,Relative,Health
USA,NY,2011,12        ,Male,17,Right-Handed,178,26,,2,Car,8,0.342,,Other,631,797,791,,251,898,27,Left foot,93,101,Ring finger,May,Fall,Yes,No,Fruit,Water,History,6,9,5,Yes - broadband connection,In person,2,1,20,1,25,12,15,0,12,6,25,2,0,3,Some,Graduate degree,Punk rock,Freeze time,Healthy,Sports person,Health
USA,MA,2019,12        ,Male,17,Right-Handed,174,29,180,1,Car,5,.39,33,Walking/Hiking,1000,1000,1000,500,1000,1000,29,Same length,75,75,Same length,May,Summer,Yes,No,Meat,Sports drink,Physical education,6.5,10,6,Yes - broadband connection,"Myspace, Facebook, other social networking sites, or blog",20,40,20,1,5,3,1,1,10,2,4,8,15-20,1,A lot,Undergraduate degree,Rap/Hip hop,Freeze time,Rich,Business person,International aid
USA,AK,2022,12        ,Male,17,Right-Handed,165,,,1,Bus,15,.338,53,Football (American),400,400,500,400,200,800,28cm,Right foot,84,73,,,Fall,,,Meat,Powdered drink,English,6,10,4,Yes - other,Cell phone,4,5,2,1,3,1,1,3,1,3,4,1,2,1,Some,Some college,Rap/Hip hop,Invisibility,Rich,Relative,Health
USA,CA,2016,12        ,Male,17,Right-Handed,177,29,177,2,Car,5,0,0,Baseball/Softball,900,900,800,800,500,1000,27,Right foot,72,75,Ring finger,January,Winter,Yes,No,Meat,Water,Physical education,9.5,11,5,Yes - other,Text messaging,250,250,6,3,12,4,16,0,40,40,42,4,0,6,A lot,Graduate degree,Rap/Hip hop,Freeze time,Rich,Relative,Education/Youth development
USA,PA,2019,6         ,Male,11,Left-Handed,152,23,142,1,Bus,17,.32,51,Football (American),1000,1000,503,401,519,1000,23,Same length,80,90,Ring finger,May,Summer,No,No,Meat,Water,Physical education,8,5,5,Yes - other,In person,20,30,4,2,1,18,7,20,4,24,9,24,8,12,Some,Graduate degree,Country,Fly,Rich,Actor,Health
USA,CA,2018,12        ,Male,17,Right-Handed,170.1,27.3,175.1,2,Walk,10,.265,36,None,0,0,0,0,10000,10000,27.3,Same length,70,70,Same length,March,Summer,No,No,Other,Other,Other,6,18,3,Yes - broadband connection,,-0,-0,-0,0,0,0,0,48,0,0,0,0,00000,0,None,Other,Other,Freeze time,Happy,Other,Other
USA,WA,2017,12        ,Female,17,Left-Handed,162.5,23,163,2,Car,25,0.397,40,Swimming,1000,700,700,600,500,600,23,Same length,90,85,Index finger,June,Summer,No,No,Seafood,Tea,Music,6,10,2,,,,,4,1,8,8,2,5,4,6,6,1,0,3,A lot,Graduate degree,Rap/Hip hop,Fly,Happy,Friend,"Arts, culture, sports"
USA,CA,2023,12        ,Male,17,Right-Handed,160,22,162,3,Bus,30,0.371,38,Other,850,800,600,700,500,1000,24,Left foot,70,65,Same length,January,Winter,No,Yes,Poultry,Water,English,6,9,4,Yes - broadband connection,Text messaging,50,70,2,20,7,5,12,0,10,7,40,2,15,10,Some,Less than high school,Reggae,Fly,Happy,Other,"Wildlife, animals"
USA,DE,2016,12        ,Male,17,Right-Handed,185.4,27,195,1,Car,20,.68,50,Basketball,600,500,1000,1000,700,1000,27,Right foot,7.5,8.76,Ring finger,March,Summer,Yes,No,Salads,Water,History,9,6,4,Yes - broadband connection,Text messaging,120,150,2,17,10,6,22,10,365,365,40,22,0,10,A lot,Graduate degree,Rap/Hip hop,Freeze time,Rich,Sports person,"Arts, culture, sports"
USA,MD,2021,12        ,Male,17,Right-Handed,185,28,175,1,Car,25,.3,42,Baseball/Softball,600,400,800,600,200,300,28,Same length,85,92.5 ,Ring finger,August,Fall,No,No,Pizza/Pasta,Water,Physical education,6.5,8,4,Yes - broadband connection,Text messaging,75,75,10,5,2,1.5,20,7,5,4,1,0,0,10,Some,Graduate degree,Rap/Hip hop,Super strength,Happy,Relative,Education/Youth development
USA,CA,2024,12        ,Male,18,Ambidextrous,198,31.7,208,1,Other,8,2.3,10,Baseball/Softball,500,500,500,500,500,500,31.7,Same length,90,100,Ring finger,October,Winter,No,No,Pizza/Pasta,Water,Physical education,8,9,5,Yes - broadband connection,"Myspace, Facebook, other social networking sites, or blog",2,0,0,0,2,1,4,2,4,1,5,3,0,2,None,Some college,Heavy metal,Telepathy,Rich,Sports person,Health
USA,SC,2023,11        ,Male,17,Left-Handed,160.2,22.86,167.6,1,Car,10,.401,35,Skateboarding/Rollerblading,658,529,182,182,1000,1000,22.86,Same length,6.35,6.35,Same length,September,Winter,No,No,Breads/Sandwiches,Sports drink,Other,8,8,4,Yes - broadband connection,Internet chat or instant messaging,30,40,5,1,4,8,1,0,8,6,30,7,35,2,Some,High school,Rap/Hip hop,Super strength,Rich,Sports person,"Wildlife, animals"
USA,NC,2021,12        ,Male,17,Right-Handed,154.9,,,1,Car,10,.333,52,Athletics,1000,300,500,700,200,1000,,,,,,March,Summer,No,No,Meat,Powdered drink,Science,6,5,4,Yes - broadband connection,Text messaging,a lot,a lot,15,15,12,10,10,0,14,80,10,0,38,10,A lot,Graduate degree,Rap/Hip hop,Invisibility,Rich,Relative,International aid
USA,AL,2022,12        ,Female,17,Right-Handed,157.5,23.9,157.5,2,Car,7,.377,36,Other,738,503,524,615,802,1000,22.9,Right foot,76.2,82.6,Ring finger,March,Summer,No,No,Poultry,Water,Science,7,8,5,Yes - other,"Myspace, Facebook, other social networking sites, or blog",19,29,12,1,3,12,10,0,7,2,15,26,14,2,Some,Graduate degree,Country,Telepathy,Happy,Relative,Religious
USA,VA,2026,10        ,Male,16,Right-Handed,166.5,26,172,1,Bus,27,0.379,43,Golf,10000,10000,10000,10000,10000,10000,25.5,Right foot,86,64,Index finger,October,Spring,Yes,No,Pizza/Pasta,Water,Other,8,10,3,Yes - broadband connection,Cell phone,10,10,0,5,1,3,5,1,5,5,5,1,3,3,None,Undergraduate degree,Gospel,Telepathy,Healthy,Other,Religious
USA,NC,2016,12        ,Male,17,Right-Handed,182,26,180,1,Car,10,.317,35,Baseball/Softball,500,500,700,900,300,400,27,Left foot,112,104,Index finger,August,Winter,Yes,No,Pizza/Pasta,Water,Mathematics and statistics,7,10,4,Yes - broadband connection,Text messaging,20,100,10,2,15,10,20,10,2,2,10,2,0,2,Some,Graduate degree,Rock and roll,Fly,Happy,Teacher,Health
USA,IN,2014,5         ,Female,11,Right-Handed,140,20,136,1,Car,30,0.52,35,Tennis,1000,500,1000,1000,4,4,20,Same length,80,75,Index finger,October,Summer,No,No,Soups,Water,Art,10,6,4,Yes - broadband connection,In person,4,100,5,1,6,8,5,3,1,10,7,6,0,0,Very little,Graduate degree,Pop,Telepathy,Happy,Friend,"Wildlife, animals"
USA,CA,2016,12        ,Female,17,Left-Handed,162.5,,,2 ,Car,30,.346 ,,Dancing,,,,,,,,,,,,,,,,,,,,,,,,,,,,,,,,,,,,,,,,,,,,
USA,AL,2022,12        ,Male,18,Right-Handed,182.8,26,188,2,Car,15,0.311,34,Baseball/Softball,,,,,,,26,Right foot,7.9,7.5,Same length,September,Summer,No,No,Pizza/Pasta,Tea,Science,7,10,3,Yes - broadband connection,Internet chat or instant messaging,48,182,,,,,,,,,,,,,Very little,Graduate degree,Pop,Fly,Rich,Relative,Other
USA,NC,2022,11        ,Female,17,Left-Handed,169,22,162,2,Car,15,0.855,31,Dancing,850,950,600,500,900,1000,22,Same length,85,90,Ring finger,July,Fall,No,No,Fruit,Water,Science,7,9,4,Yes - broadband connection,Cell phone,78,122,7,2,10,3,5,0,10,2,2,0,8,4,Some,Graduate degree,Rhythm and blues (R&B),Fly,Rich,Doctor or nurse,Health
USA,CA,2024,12        ,Female,17,Right-Handed,166,24,172,1,Car,10,0.408,42,Walking/Hiking,930,720,748,590,323,439,24,Right foot,75,80,Ring finger,July,Fall,Yes,No,Meat,Water,English,6,8,7,Yes - broadband connection,Text messaging,30,25,1,5,10,12,0,0,10,2,11,0,0,3,A lot,Graduate degree,Rap/Hip hop,Invisibility,Rich,Relative,Health
USA,NC,2023,12        ,Male,17,Right-Handed,180,27,177.8,1,Car,5 min,.314,37,Football (American),1000,894,238,567,200,30,27,Same length,69.85,76.2,Ring finger,July,Spring,No,No,Meat,Other,Mathematics and statistics,7hrs,7hrs,4,Yes - other,In person,idk,idk,3 hrs,45min,0 hrs,2 hrs,3 hrs,4 hrs,45min,1 hr,4 hrs,3 hrs,0 hrs,2 hrs,None,Some college,Rap/Hip hop,Invisibility,Healthy,Sports person,Other
USA,GA,2024,12        ,Female,17,Right-Handed,188.1,23,80,1,Car,15,0.731,71,Golf,500,700,500,1000,100,300,23,Same length,85,65,Index finger,December,Fall,Yes,No,Salads,Water,Other,8,9,,Yes - other,"Myspace, Facebook, other social networking sites, or blog",20,26,26,14,5,40,12,0,20,3,11,2,1,3,Some,Undergraduate degree,Country,Telepathy,Healthy,Sports person,Religious
USA,OH,2015,12        ,Female,16,Right-Handed,167.5,25,167,2,Car,14,.44,50,Cycling,900,900,700,500,100,314,25,Same length,,,Ring finger,June,Fall,No,No,Vegetables,Water,Mathematics and statistics,6,8,5,Yes - other,Text messaging,50,100,15,2,30,8,2,0,6,5,4,0,15,5,A lot,Graduate degree,Other,Freeze time,Happy,Teacher,Education/Youth development
USA,OK,2026,4         ,Female,16,Right-Handed,165,,,1,Car,12,0.327,48,Walking/Hiking,700,700,800,800,400,400,,Same length,,,,,,,,,,,,,,,,,,,,,,,,,,,,,,,,,,Healthy,,
USA,WY,2011,9         ,Female,15,Right-Handed,153,22,155,2,Car,5,.435,43,Soccer,100,200,300,,0,0,22,,98,98,Same length,August,Summer,No,No,Fruit,Tea,Art,8,6,3,Yes - other,In person,80,90,4,3,4,5,6,3,0,10,7,2,0,10,A lot,Graduate degree,Other,Fly,Happy,Other,Environment
USA,CA,2025,12        ,Female,17,Right-Handed,152.4,23.5,61,1.5,Car,9,0.366,36,Baseball/Softball,749,754,893,759,273,583,23.5,Same length,7,6.5,Index finger,February,Winter,No,No,Rice/Noodle dishes,Coffee,Art,7,9,4,Yes - other,"Myspace, Facebook, other social networking sites, or blog",90,120,3,4,6,16,7,4,24,24,7,8,0,4,Some,Graduate degree,Other,Invisibility,Happy,Other,Education/Youth development
USA,MA,2016,6         ,Male,12,Right-Handed,149,24,160,2,Car,25,0.185,50,Lacrosse,500,400,0,100,10,350,23,Right foot,70,60,Index finger,April,Summer,Yes,No,Meat,Energy drink,Mathematics and statistics,8,12,4,Yes - broadband connection,Text messaging,80,250,10,0,5,2,15,4,3,1,8,20,1,2,Very little,Graduate degree,Pop,Telepathy,Happy,Relative,Health
USA,IN,2014,12        ,Female,17,Right-Handed,165,25,162,1,Car,5,.288,44,Soccer,600,500,700,750,500,500,26,Left foot,77,70,Index finger,September,Fall,No,No,Pizza/Pasta,Water,Mathematics and statistics,7,6,3,Yes - broadband connection,Text messaging,100,100,20,0,10,1,15,0,7,14,7,7,20,1,A lot,Graduate degree,Punk rock,Telepathy,Rich,Coach or club leader,International aid
USA,MS,2021,12        ,Male,17,Right-Handed,5'9,,27,2,Bus,5,.421,122,Walking/Hiking,10000,10000,10000,10000,10,10,27,Same length,10,10,Ring finger,December,Winter,No,No,Other,Water,Physical education,6,5,4,Yes - broadband connection,Cell phone,30,35,12,1,1,4,10,6,2,26,10,0,30,,Some,Undergraduate degree,Rap/Hip hop,Fly,Rich,Other,Environment
USA,NC,2022,11        ,Female,16,Right-Handed,162,,,1,Car,4,0.422,38,Tennis,900,900,900,900,200,700,,,,,,July,Summer,Yes,No,Pizza/Pasta,Water,Science,6,10,5,Yes - broadband connection,Internet chat or instant messaging,2,30,10,4,15,6,6,0,8,6,3,0,0,1,A lot,Graduate degree,Rap/Hip hop,Telepathy,Rich,Doctor or nurse,Health
USA,OH,2018,12        ,Male,17,Right-Handed,177.8,27,177.8,1,Boat,8,.371,69,Soccer,337,561,187,840,551,781,26,Right foot,80,80,Same length,November,Fall,Yes,No,Pizza/Pasta,Water,Computers and technology,7,10,3,Yes - broadband connection,Text messaging,50,50,0,0,10,6,12,14,5,5,5,2,0,5,A lot,Graduate degree,Rap/Hip hop,Freeze time,Happy,Relative,Health
USA,RI,2013,5         ,Male,11,Left-Handed,150,23,153,1,Walk,2,0.504,50,Lacrosse,1000,984,455,572,380,487,23,Same length,80,80,Same length,October,Summer,No,No,Pizza/Pasta,Water,Science,10,9,4,Yes - broadband connection,Text messaging,4,4,3,1,1,8,5,0,0,1,1,6,0,1,None,Other,Pop,Fly,Happy,Relative,International aid
USA,IN,2017,12        ,Male,18,Right-Handed,185,28,177,1,Car,3,,,Running/Jogging,800,900,700,750,900,900,27,Right foot,90,80,Index finger,April,Fall,No,No,Pizza/Pasta,Soft drink (caffeinated),English,7,5,2,Yes - broadband connection,Text messaging,40,50,15,1,2,4,0,18,15,8,10,2,0,3,A lot,Graduate degree,Rock and roll,Fly,Happy,Musician or singer,International aid
USA,MA,2017,7         ,Male,13,Right-Handed,166,27,166,2,Car,20,0.273,37,Athletics,520,520,733,829,668,952,29,Left foot,770,750,Ring finger,July,Summer,Yes,No,Fruit,Water,Physical education,6,8,4,Yes - other,Text messaging,80,80,20,1,7,0,28,4,1,16,21,1,0,3,Some,Graduate degree,Rap/Hip hop,Telepathy,Healthy,Actor,"Arts, culture, sports"
USA,IN,2016,12        ,Female,17,Right-Handed,175,26.5,172,1,Walk,6.2,.58,47,Martial Arts,,,,,,,27,Right foot,24454,45490,Ring finger,May,Summer,No,No,,,,,,,,,,,,,,,,,,,,,,,,,,,,,
USA,NY,2023,12        ,Male,17,Right-Handed,175,23,159,1,Car,10,0.321,61,Basketball,209,209,209,503,1000,1000,23,Same length,75,80,Ring finger,October,Fall,No,No,Pizza/Pasta,Water,Physical education,8,10,2,Yes - dial-up connection,Text messaging,6,6,3hrs,10min,25min,1hr,3,18hrs,6hrs,20min,6hrs,5hrs,22hrs,1hr,Very little,High school,Rap/Hip hop,Freeze time,Rich,Business person,"Wildlife, animals"
USA,NC,2018,11        ,Female,16,Right-Handed,120,21,150,2,Bus,7,.506,44,Dancing,900,,,,,,,,,,,,,,,,,,,,,,,,,,,,,,,,,,,,,,,,,,,
USA,AR,2016,5         ,Male,10,Right-Handed,132,22,133,2,Car,15,0.396,53,Basketball,950,900,850,600,400,700,22,Same length,60,50,Index finger,March,Summer,No,No,Pizza/Pasta,Energy drink,Science,10,10,4,Yes - other,"Myspace, Facebook, other social networking sites, or blog",0,2,900,10,10,999,800,999,200,111,101,50,50,20,Some,Some college,Rap/Hip hop,Fly,Healthy,Other,Health
USA,TN,2025,6         ,Male,12,Ambidextrous,,,,1,Bus,7,0.351,23,Skateboarding/Rollerblading,540,465,337,1000,160,449,,Same length,,,Index finger,March,Summer,No,No,Meat,Sports drink,Physical education,8,7,3,Yes - other,Text messaging,5,10,2,1,5,3,5,5,2,2,10,1,0,2,Some,Graduate degree,Rap/Hip hop,Invisibility,Rich,Friend,Health
USA,PA,2026,12        ,Male,17,Left-Handed,180,28,177,1,Walk,9,.276,36,Walking/Hiking,668,588,786,326,171,43,28,Same length,81,80,Index finger,January,Fall,No,No,Seafood,Water,Other,8,8.5,2,Yes - broadband connection,In person,12,7,16,3,0,24,12,8,1,2,2,13,25,3,None,Other,Reggae,Fly,,Other,"Wildlife, animals"
USA,MA,2019,12        ,Female,17,Left-Handed,170,24,164.5,1,Walk,15,.578,45,None,500,700,600,850,1000,950,24,Same length,67,68,Ring finger,March,Winter,No,No,No favorite,Energy drink,Art,7,9,7,Yes - other,In person,5,6,10,1,5,15,0,5,4,10,30,2,38,10,Some,Graduate degree,Other,Invisibility,Happy,Relative,"Wildlife, animals"
USA,VA,2018,4         ,Male,9,Right-Handed,143,21,136,1,Walk,20,0.441,47,Swimming,250,500,750,300,100,50,21,Same length,70,62,Index finger,November,Summer,No,No,Pizza/Pasta,Water,Mathematics and statistics,8,10,5,Yes - other,In person,0,0,3,0,2,24,0,21,1,0,20,10,0,1,Some,Undergraduate degree,Punk rock,Invisibility,Rich,Other,Other
USA,MI,2016,12        ,Female,17,Right-Handed,165,22,158,1,Car,7,0.377,40,Dancing,850,900,800,900,750,750,24,Left foot,74,79,Ring finger,August,Fall,No,Yes,Fruit,Tea,English,6,8,4,Yes - broadband connection,"Myspace, Facebook, other social networking sites, or blog",40,40,0,1,4,1,0,0,2,1,2,0,0,0,A lot,Graduate degree,Other,Freeze time,Happy,Politician,Education/Youth development
USA,DC,2012,6         ,Male,12,Right-Handed,53,23,150,2,Walk,20,.422,45,Soccer,900,900,900,900,100,200,24,Left foot,70,70,Same length,March,Summer,Yes,No,No favorite,Juice,Mathematics and statistics,10,20,4,Yes - broadband connection,Text messaging,200,100,1,0,0,0,1,0,0,1,1,1,0,0,Some,Graduate degree,Other,Invisibility,Happy,Sports person,"Wildlife, animals"
USA,IL,2016,9         ,Female,14,Right-Handed,152,22,144,2,Car,50,.856,42,Soccer,1000,1000,1000,978,674,990,22,Same length,80,70,Index finger,June,Summer,Yes,No,Pizza/Pasta,Other,English,7,10,8,Yes - dial-up connection,"Myspace, Facebook, other social networking sites, or blog",15,6,3,1,3,5,1,0,1,1,3,5,5,3,Some,Graduate degree,Other,Freeze time,Happy,Relative,International aid
USA,FL,2024,12        ,Female,17,Right-Handed,173.7,24.8,178,1,Bus,35,0.647,59,Swimming,845,756,730,659,120,359,23.5,Right foot,80,80,Same length,May,Summer,No,No,Rice/Noodle dishes,Coffee,Science,6,7,7,Yes - broadband connection,In person,3,5,5,1,28,22,2,0,1,1,10,2,0,3,A lot,Graduate degree,Pop,Freeze time,Rich,Business person,Health
USA,CA,2015,10        ,Female,16,Right-Handed,155,23,155,2,Bus,60,0.234,55,Walking/Hiking,1000,100,100,100,1000,1000,25,Left foot,75,73,Index finger,June,Summer,No,No,Pizza/Pasta,Tea,Science,6,10,4,Yes - other,In person,10,5,1,0,50,10,10,7,6,5,9,10,6,0.25,Some,Graduate degree,Other,Freeze time,Happy,Friend,"Wildlife, animals"
USA,CA,2015,12        ,Female,17,Right-Handed,160,22,153,2,Walk,35,0.96,50,Basketball,900,1000,1000,1000,600,800,23,Left foot,31,32,Index finger,September,Fall,No,No,Meat,Milk,Social studies,7,5,5,No internet connection,"Myspace, Facebook, other social networking sites, or blog",100,100,10,2,15,13,9,0,56,56,0,4,0,9,Some,Graduate degree,Rap/Hip hop,Telepathy,Happy,Community leader or elder,Environment
USA,AL,2023,12        ,Male,19,Right-Handed,5'11,10,180 ,1,Car,10,0.684,56,Football (American),500,408,300,400,200,1000,10,Same length,21,8,Index finger,October,Summer,No,No,Seafood,Tea,Mathematics and statistics,8,7,2,Yes - broadband connection,Text messaging,35,35,6,10,0,64,18,10,12,24,10,48,0,64,A lot,Graduate degree,Rap/Hip hop,Fly,Rich,Actor,Religious
USA,PA,2015,12        ,Male,17,Left-Handed,195,38,200,2,Car,25,.226,42,Basketball,500,500,750,800,850,750,38,Same length,,90,Ring finger,March,Summer,No,No,Meat,Water,Science,5,9,4,Yes - broadband connection,Text messaging,12,13,12,1,6,3,10,0,8,14,10,2,22,4,A lot,Graduate degree,Rap/Hip hop,Freeze time,Happy,Relative,Health
USA,CA,2012,12        ,Male,15,Right-Handed,167,25,170,3,Car,10,.296,33,Walking/Hiking,556,701,353,791,663,508,25,Same length,89,95,Ring finger,September,Summer,Yes,No,Meat,Water,Computers and technology,4,10,8,Yes - broadband connection,Internet chat or instant messaging,2,2,5,1,20,7,1,6,14,1,30,3,0,1,A lot,Other,Gospel,Freeze time,Happy,Friend,Health
USA,MI,2015,12        ,Female,17,Right-Handed,142.4,30.48,142.4,1,Car,5,.625,50,Soccer,251,834,,,,,,,,,,,,,,,,,,,,,,,,,,,,,,,,,,,,,,,,,,
USA,WY,2014,7         ,Male,12,Right-Handed,164,29,164,2,Walk,10,0.36,48,Football (American),1000,127,1000,1000,0,110,30,Left foot,33,18,Index finger,March,Spring,No,No,Seafood,Soft drink (caffeinated),Physical education,8,12,3,Yes - other,Text messaging,9,12,6,0,2,3,2,1,2,1,1,3,0,1,Some,Graduate degree,Rap/Hip hop,Telepathy,Healthy,Sports person,Health
USA,IN,2020,11        ,Female,17,Right-Handed,165.1,21.59,66.04,1,Car,13,1.373,48,Dancing,711,43,176,176,717,904,21.59,Same length,63.5,76.2,Ring finger,February,Fall,No,No,Salads,Water,Physical education,6,10,5,Yes - other,Internet chat or instant messaging,8,8,72,3,2,2,5,3,168,168,168,144,0,3,A lot,Graduate degree,Rap/Hip hop,Fly,Healthy,Relative,Health
USA,SC,2020,11        ,Female,17,Right-Handed,161,22,170,1,Car,15,0.518,48,None,519,519,620,615,535,658,21,Right foot,75,70,Index finger,August,Summer,No,No,Salads,Water,Music,5,7,7,Yes - broadband connection,"Myspace, Facebook, other social networking sites, or blog",50,50,3,10,5,8,0,0,84,84,84,40,0,1,A lot,Undergraduate degree,Other,Telepathy,Happy,Relative,Religious
USA,IN,2024,11        ,Male,16,Left-Handed,175,26,180,1,Car,12,.429,47,Golf,0,0,0,1000,500,1000,26,Same length,65,70,Ring finger,April,Fall,No,No,Meat,Water,Other,7,8,3,Yes - other,"Myspace, Facebook, other social networking sites, or blog",2,4,1,1,0,10,1,0,5,1,8,0,15,0,Some,Some college,Punk rock,Telepathy,Happy,Friend,Health
USA,CA,2015,8         ,Female,14,Right-Handed,167,25,160,1,Car,10,0.409,72,Other,950,800,900,500,800,800,25,Right foot,76,76,Same length,May,Fall,No,Yes,Fruit,Water,English,8,6,3,Yes - other,Text messaging,40,46,8,1,5,9,4,0,11,2,16,4,0,0,A lot,Graduate degree,Punk rock,Telepathy,Happy,Musician or singer,International aid
USA,GA,2026,12        ,Male,17,Right-Handed,179.0,28,179,3,Car,10,.234,49,Football (American),898,888,519,765,765,765,28,Same length,70,70,Same length,June,Summer,No,No,Poultry,Soft drink (caffeinated),Science,6,10,4,Yes - broadband connection,Text messaging,100,300,4,2,7,5,4,5,8,4,10,5,8,5,Some,Graduate degree,Rap/Hip hop,Telepathy,Rich,Sports person,Health
USA,CA,2019,12        ,Male,17,Right-Handed,165,23,160,2,Car,5,.42,70,Basketball,900,800,800,900,900,700,23,Same length,85,90,Ring finger,May,Winter,No,No,Rice/Noodle dishes,Water,History,8,10,4,Yes - other,Text messaging,25,25,3,2,15,8,18,2,10,5,10,4,0,3,Very little,Graduate degree,Rap/Hip hop,Fly,Rich,Actor,Health
USA,NC,2022,12        ,Female,16,Right-Handed,149,20,152,1,Car,20,.345,41,Other,1000,1000,1000,1000,1000,1000,20,Same length,70,60,Index finger,August,Summer,No,No,Desserts,Water,Languages,5,9,6,Yes - broadband connection,In person,10,10,10,0,0,7,5,10,15,30,50,10,17,1,Some,Graduate degree,Rhythm and blues (R&B),Fly,Rich,Relative,Education/Youth development
USA,CA,2016,4         ,Male,16,Right-Handed,178,24,171,1,Car,10,0.258,33,Tennis,80,209,476,134,316,513,24,Same length,70,80,Ring finger,May,Winter,No,No,Pizza/Pasta,Water,Science,6,8,4,Yes - broadband connection,In person,50,100,2,0,19,5,30,0,3,1,7,0,0,1,Some,Graduate degree,Rock and roll,Telepathy,Happy,Relative,Health
USA,NC,2022,11        ,Male,17,Right-Handed,195,37,194,2,Bus,15,.4,32,Other,519,535,668,422,80,775,37,Same length,24,25,Ring finger,June,Winter,No,No,Meat,Water,Music,6,10,5,Yes - broadband connection,Text messaging,5,4,0,1,1,1,2,3,2,1,3,1,0,1,Some,Graduate degree,Heavy metal,Freeze time,Happy,Musician or singer,"Arts, culture, sports"
USA,OH,2019,6         ,Male,12,Right-Handed,160,23,159,2,Bus,35,.434,43,Golf,600,700,200,700,1000,1000,24,Left foot,70,60,Index finger,May,Summer,Yes,No,Pizza/Pasta,Energy drink,Other,8.5,10,5,Yes - other,Internet chat or instant messaging,0,0,10,0,.2,9,15,20,2,0,167,8,0,2,A lot,Other,Rap/Hip hop,Invisibility,Healthy,Sports person,Religious
USA,NJ,2012,9         ,Female,15,Right-Handed,147,25,170,1,Bus,35,0.394,42,Soccer,750,750,800,750,500,1000,27,Left foot,75,65,Index finger,May,Spring,Yes,No,Fruit,Water,Music,9,11,7,Yes - other,Text messaging,152,152,15,1,1,4,2,35,25,12,35,15,0,4,A lot,Other,Pop,Telepathy,Happy,Relative,Religious
USA,TX,2021,12        ,Female,17,Right-Handed,175,24.5,172,1,Car,27,.381,37,Soccer,971,965,970,960,71,100,25,Left foot,7.5,7.5,Same length,April,Fall,Yes,No,Breads/Sandwiches,Water,Science,5,5,4,Yes - other,Cell phone,9,11,15,11,18,20,7,0,30,6,49,7,40,5,A lot,Undergraduate degree,Rock and roll,Telepathy,Famous,Relative,"Wildlife, animals"
USA,NC,2013,6         ,Female,11,Right-Handed,148,22,149,1,Car,30,.393,15,Dancing,90,80,75,63,1,0,22,Same length,65,50,Index finger,September,Summer,No,No,Meat,Water,Mathematics and statistics,8,9,4,Yes - other,In person,10,12,100,5,6,27,13,5,3,5,7,10,0,5,Some,Graduate degree,Other,Telepathy,Happy,Teacher,Health
USA,NY,2019,10        ,Female,15,Right-Handed,5’1,22,150,2,Rail (Train/Tram/Subway),45,1.08,60,Basketball,890,50,400,500,1000,1000,22,Same length,60.5,60.5,Same length,July,Fall,No,No,Poultry,Coffee,Physical education,5,12,4,Yes - other,Text messaging,40,40,30,50,20,25,16,5,43,39,50,15,0,3,A lot,Graduate degree,Rap/Hip hop,Telepathy,Happy,Relative,Health
USA,NJ,2026,12        ,Female,17,Right-Handed,157,,,2,Bus,30,.395,40,None,1000,1000,1000,1000,100,500,,,,,,June,Summer,No,No,Pizza/Pasta,Coffee,Mathematics and statistics,6,9,4,Yes - broadband connection,Text messaging,15,20,20,60,7,50,30,0,60,20,70,20,30,70,A lot,Some college,Rap/Hip hop,Freeze time,Rich,Friend,Health
USA,AR,2016,7         ,Female,34,Right-Handed,175.2,25,175.2,1,Car,8,.312,40,Other,0,500,500,500,850,1000,26,Left foot,85,90,Ring finger,March,Summer,Yes,No,Pizza/Pasta,Water,Mathematics and statistics,8,8,4,Yes - broadband connection,Text messaging,150,200,2,1,0,10,15,0,5,4,6,3,60,10,Some,Graduate degree,Gospel,Telepathy,Rich,Religious figure,Religious
USA,CO,2023,12        ,Female,17,Right-Handed,162,22,153,1,Car,5,0.392,50,Dancing,600,450,550,650,500,600,22.5,Left foot,70,75,Ring finger,February,Fall,No,No,Pizza/Pasta,Coffee,History,7,10,4,Yes - other,Text messaging,15,8,3,2,7,5,6,1,25,10,5,7,20,5,Some,Undergraduate degree,Pop,Telepathy,Happy,Teacher,International aid
USA,MA,2024,12        ,Female,17,Right-Handed,168,24,160,1,Car,10,0.406,41,Other,888,888,733,727,722,829,24,Same length,71.12,73.66,Ring finger,November,Fall,Yes,No,Pizza/Pasta,Water,Science,7,12,5,Yes - other,Text messaging,50,50,24,1,5,15,1,0,15,7,10,4,12,2,Some,Graduate degree,Rock and roll,Invisibility,Happy,Friend,Health
USA,LA,2013,12        ,Female,17,Right-Handed,177,25,181,3,Car,23,0.408,26,Walking/Hiking,775,700,650,800,700,650,24,Right foot,92,83,,November,Fall,No,No,Rice/Noodle dishes,Water,History,8,9,5,Yes - broadband connection,Text messaging,80,80,7,0.5,12,9,9,1,8,12,10,4,0,4,Some,Graduate degree,Other,Freeze time,Happy,Politician,Education/Youth development
USA,NC,2026,12        ,Male,17,Right-Handed,182.8,28,182.8,1,Car,15,.297,44,Baseball/Softball,759,59,412,636,342,561,26,Right foot,8,9,Ring finger,July,Spring,No,No,Poultry,Water,Physical education,7,9,4,Yes - dial-up connection,Text messaging,5,6,2,1,0,2,25,5,2,1,3,1,0,0,Very little,Graduate degree,Rap/Hip hop,Telepathy,Rich,Relative,"Wildlife, animals"
USA,CO,2013,9         ,Female,15,,,,,,,,,,,,,,,,,,,,,,,,,,,,,,,,,,,,,,,,,,,,,,,,,,,,,,
USA,MA,2019,11        ,Male,16,Right-Handed,177,27,171,1,Car,23,0.296,40,Other,535,,,,,,,,,,,,,,,,,,,,,,,,,,,,,,,,,,,,,,,,,,,
USA,UT,2013,12        ,Male,17,Left-Handed,190,27,189,1,Car,7,.392,,Golf,,,,,,,25,Right foot,110,112,Ring finger,February,Summer,Yes,No,Meat,Soft drink (caffeinated),History,7,10,7,Yes - broadband connection,In person,20,15,10,1,3,5,15,2,10,1,3,10,10,1,Very little,Graduate degree,Country,Telepathy,Happy,Sports person,International aid
USA,SC,2011,11        ,Female,16,Right-Handed,166,23,162,1,Car,13,0.297,28,Swimming,722,503,599,,203,332,25,Left foot,62,65,Ring finger,March,Fall,Yes,No,Rice/Noodle dishes,Water,English,8.5,10,4,Yes - broadband connection,In person,3,5,10,.5,5,15,1,2,.5,2,7,10,0,2,Some,Graduate degree,Punk rock,Telepathy,Happy,Relative,Religious
USA,PA,2016,12        ,Male,17,Left-Handed,172.7,24,177.8,1,Bus,8,.355,55,Basketball,700,650,650,600,800,900,24,Same length,70,73,Ring finger,April,Spring,No,No,Meat,Soft drink (caffeinated),Mathematics and statistics,7,12,3,Yes - broadband connection,Text messaging,50,100,12,0,15,5,6,5,5,2,2,1,20,2,Some,Graduate degree,Rap/Hip hop,Fly,Happy,Sports person,Education/Youth development
USA,TX,2025,12        ,Female,17,Right-Handed,4'11,3 1/2,,2,Car,12,.583,30,Basketball,1000,572,139,225,0,0,3 1/2,Same length,n/a,n/a,Index finger,September,Fall,No,No,Seafood,Sports drink,History,9hrs,9-10,4,Yes - other,Telephone,many,many,7,1,2,24,5,,0,1,0,0,10,2,None,Undergraduate degree,Other,Telepathy,Healthy,Relative,Health
USA,NC,2011,12        ,Female,17,Right-Handed,157,23,162,2,Car,7,.25,45,Tennis,500,750,375,,750,600,23,Same length,68,78,Ring finger,December,Spring,Yes,No,Rice/Noodle dishes,Water,Art,6,9,4,Yes - broadband connection,Text messaging,100,100,5,2,12,20,15,0,2,42,4,14,3,2,A lot,,Pop,Fly,Happy,Religious figure,Religious
USA,CA,2016,12        ,Female,18,Right-Handed,160,24,161,1,Car,75,0.501,54,Running/Jogging,,,,,,,24,Same length,60,62,Ring finger,April,Winter,Yes,No,Meat,Water,English,6,9,4,Yes - other,In person,70,50,24,1,9,7,0,0,10,5,7,0,0,3,A lot,Some college,Pop,Fly,Happy,Other,Health
USA,CA,2010,12        ,Male,17,Right-Handed,190,,30,3,Car,20,.145,7,Swimming,1000,1000,1000,,0,0,30,Same length,102,102,Same length,March,Summer,Yes,No,Rice/Noodle dishes,Water,Science,6,10,6,No internet connection,In person,0,0,1,.1,50,22,18,6,.01,.001,3,0,0,1,A lot,Other,Classical,Freeze time,Healthy,Relative,Education/Youth development
USA,WY,2014,7         ,Male,12,Right-Handed,170,28,180,2,Car,5,0.35,35,Football (American),999.9,500,1000,500,50,100,28,Right foot,100,95,,September,Fall,No,No,Meat,Water,Mathematics and statistics,9,12,4,,,50,100,5,3,2,7,15,2,6,14,2,28,0,5,Some,Graduate degree,Rap/Hip hop,Freeze time,Healthy,Relative,"Arts, culture, sports"
USA,NC,2022,11        ,Female,17,Right-Handed,165,24,163,1,Car,8,0.367,59,Baseball/Softball,401,1000,754,1000,947,909,23,Right foot,70,60,Index finger,March,Summer,No,No,Seafood,Water,English,6.5,9,3,Yes - broadband connection,"Myspace, Facebook, other social networking sites, or blog",8,13,10,4,5,3,7,2,20,4,15,14,40,1,A lot,Graduate degree,Country,Telepathy,Happy,Religious figure,Religious
USA,MO,2020,11        ,Female,17,Right-Handed,155,22,152,1,Car,5,0.386,41,Other,700,700,500,500,650,600,22,Same length,67 ,71,Ring finger,November,Fall,Yes,No,No favorite,Tea,Other,7,10,6,Yes - dial-up connection,"Myspace, Facebook, other social networking sites, or blog",7,16,13,5,7,8,6,5,10,3,22,15,13,6,Some,Graduate degree,Pop,Freeze time,Happy,Coach or club leader,Education/Youth development
USA,MA,2025,12        ,Male,18,Right-Handed,172.7,IDK,,1,Bus,35, 0.31,65,Walking/Hiking,604,561,749,909,332,888,yes,,,,,January,Fall,No,No,Meat,Water,History,6-7,7-8,5,Yes - other,Internet chat or instant messaging,17,20,8+,4,10,7+,3,16,4,4,16,0,0,4,Some,High school,Techno/Electronic,Invisibility,Happy,Friend,Health
USA,VT,2024,12        ,Female,16,Right-Handed,167,24,153,1,Car,4-5,.337,40,Basketball,,,,,,,23,Right foot,71,77,Ring finger,September,Summer,No,No,Rice/Noodle dishes,Tea,History,7,8-9,8,Yes - other,In person,10-20,30,10,1,3-4,10+,5,0,3-4,1,3,1,12,3,Some,Graduate degree,Rap/Hip hop,Invisibility,Happy,Relative,Health
USA,MA,2025,12        ,Female,17,Right-Handed,149.9,,152.4,1,Car,10 ,0.327,56,Dancing,973,1000,305,1000,123,840,21.59,Right foot,7.62,7.62,Same length,February,Fall,No,No,Seafood,Water,History,8,8-12,5,Yes - other,Text messaging,idk,idk,4,5,2-3,6,10,2,12,8,15,4,14 ,4,Some,Graduate degree,Rap/Hip hop,Telepathy,Happy,Relative,Education/Youth development
USA,TX,2019,12        ,Female,17,Right-Handed,157.4,25,145,2,Car,10,0.336,31,Other,1,2,4,3,6,5,24,Right foot,9.3,10,Ring finger,March,Winter,Yes,No,Rice/Noodle dishes,Soft drink (caffeinated),Social studies,5,9,6,Yes - dial-up connection,Text messaging,250,250,5,2,10,3,0,15,4,50,40,0,30,5,A lot,Other,Rhythm and blues (R&B),Telepathy,Happy,Teacher,International aid
USA,RI,2013,6         ,Male,12,Right-Handed,143,25,155,3,Car,10,.56,48,Martial Arts,500,800,900,950,1000,1000,23,Right foot,70,80,Ring finger,October,Summer,Yes,No,Seafood,Other,Mathematics and statistics,8,9,5,Yes - other,Text messaging,30,30,5,2,1,2,4,10,2,4,4,5,0,4,Some,Graduate degree,Rap/Hip hop,Invisibility,Famous,Friend,"Arts, culture, sports"
USA,NC,2026,12        ,Male,17,Ambidextrous,175,10,175,3,Walk,5,0.75,60,Basketball,1000,1000,1000,1000,1000,1000,5,Right foot,1,1,Same length,December,Fall,Yes,No,Meat,Water,English,8,9,3,Yes - dial-up connection,In person,6,2,1,1,1,1,2,7,1,1,2,3,1,1,A lot,High school,Country,Invisibility,Rich,Actor,"Arts, culture, sports"
USA,MI,2022,12        ,Female,16,Right-Handed,78,24,73,2,Car,20,1.30,13,Golf,80,80,90,60,10,10,24,Same length,18,20,Ring finger,October,Winter,Yes,No,Pizza/Pasta,Water,Other,9,10,3,Yes - other,Telephone,10,30,15,2,10,20,20,0,4,3,0,2,20,2,A lot,Graduate degree,Rap/Hip hop,Freeze time,Rich,Relative,Health
USA,FL,2019,6         ,Male,11,Right-Handed,160,24,147,1,Bus,40,0.567,56,Soccer,1000,1000,1000,500,500,750,26,Left foot,79,84,Ring finger,June,Summer,Yes,No,Pizza/Pasta,Soft drink (caffeinated),Physical education,7,7,4,Yes - broadband connection,In person,5,2,2,4,5,3,2,5,3,4,6,4,0,0,Very little,Graduate degree,Rhythm and blues (R&B),Freeze time,Healthy,Relative,Other
USA,NH,2016,12        ,Female,17,Right-Handed,168,24,163,1,Car,7,.818,48,Other,500,300,200,600,600,800,24,Same length,7,6.5,Index finger,July,Summer,Yes,No,Poultry,Water,History,7,8,4,Yes - broadband connection,Text messaging,100,100,10,0,15,6,12,0,5,10,5,3,8,2,Some,Undergraduate degree,Rap/Hip hop,Invisibility,Famous,Musician or singer,Health
USA,MA,2019,5         ,Female,11,,,,,,Bus,12,0.854,56,Gymnastics,96,139,1000,1000,701,187,,Same length,,,Ring finger,May,Spring,Yes,No,Desserts,Juice,Physical education,11,10,5,No internet connection,In person,0,0,1,1,2,5,0,0,0,0,0,3,1,1,None,High school,Rap/Hip hop,Fly,Happy,Musician or singer,Other
USA,CO,2021,12        ,Male,17,Left-Handed,182.8,33,125,1,Car,10,.75,76,Cycling,750,750,250,800,300,900,33,Same length,850,85,Same length,December,Fall,No,No,Meat,Water,History,8,6,3,Yes - broadband connection,Other,25,30,10,0,8,3,4,10,0,2,50,10,0,15,Very little,Graduate degree,Pop,Fly,Rich,Relative,Health
USA,AK,2017,12        ,Female,17,Right-Handed,147,20,145.5,2,Bus,15,0.727,47,None,503,503,904,1000,380,460,21,Left foot,80,70,Index finger,August,Spring,No,No,No favorite,Juice,Other,8,8,7,Yes - other,"Myspace, Facebook, other social networking sites, or blog",1,1,2,2,20,5,0,0,2,3,6,6,16,7,Some,High school,Other,Freeze time,Rich,Other,Other
USA,CA,2021,12        ,Female,17,Right-Handed,155,21,151,3,Car,5,0.812,44,Dancing,690,600,760,500,800,860,22,Left foot,7.5,6.8,Index finger,January,Summer,Yes,No,Rice/Noodle dishes,Water,Social studies,6,8,3,Yes - broadband connection,Internet chat or instant messaging,1,2,8,3,9,8,6,5,13,5,20,8,7,4,Some,Undergraduate degree,Rap/Hip hop,Freeze time,Happy,Relative,Health
USA,NC,2024,12        ,Male,18,Right-Handed,165.1,23,60,1,Car,10,0.509,40,Tennis,572,467,545,412,877,941,23,Same length,100,66,Index finger,September,Fall,Yes,No,Poultry,Water,Art,8.5,8.5,4,Yes - broadband connection,"Myspace, Facebook, other social networking sites, or blog",0,0,0,0,0,3,0,5,0,0,0,1,0,1,Some,Graduate degree,Techno/Electronic,Invisibility,Famous,Relative,Health
USA,GA,2018,9         ,Male,15,Ambidextrous,170,21,180,1,Car,5,0.299,60,Football (American),1000,100,1000,1000,100,1000,21,Same length,118,120,Same length,March,Fall,No,No,Poultry,Sports drink,Physical education,8,12,7,Yes - broadband connection,Text messaging,450,230,24,1,0,4,24,48,24,12,10,0,12,10,A lot,Some college,Rap/Hip hop,Super strength,Rich,Sports person,"Arts, culture, sports"
USA,OH,2017,7         ,Female,12,Right-Handed,161,21,155,1,Car,19,0.425,47,Soccer,1000,1000,1000,1000,400,500,22,Left foot,69,70,Ring finger,March,Spring,No,No,Meat,Soft drink (caffeinated),Physical education,8,6,4,Yes - broadband connection,Text messaging,61,61,32,7,15,11,7,5,29,19,17,9,0,7,A lot,Graduate degree,Rap/Hip hop,Fly,Happy,Relative,Health
USA,MI,2022,12        ,Male,18,Ambidextrous,5'10,6,6,2,Car,5,0.41 ,4,Basketball,300,300,400,500,500,500,3,Same length,,30,Ring finger,October,Fall,No,No,Breads/Sandwiches,Water,History,6,7,4,Yes - broadband connection,Internet chat or instant messaging,50,50,16,7,0,5,5,2,4,4,2,2,35,2,Some,Other,Rock and roll,Freeze time,Happy,Musician or singer,International aid
USA,OR,2026,12        ,Female,18,Right-Handed,163,16.5,163,2,Car,10,0.392,41,Tennis,10,10,10,10,100,100,16.5,Same length,8.2,8.2,Same length,December,Fall,No,No,Pizza/Pasta,Water,Science,7,8,3,Yes - other,Text messaging,400,400,10,5,,,,,,,,,,,,,,,,,
USA,TN,2013,12        ,Female,18,Right-Handed,160,24,150,1,Car,7,0.627,34,Running/Jogging,829,615,631,460,695,690,23,Right foot,70,70,Same length,August,Spring,No,No,No favorite,Water,Geography,7,9,3,Yes - broadband connection,Cell phone,150,150,80,6,24,10,18,1,20,150,90,50,24,10,A lot,Undergraduate degree,Rap/Hip hop,Invisibility,Healthy,Other,Education/Youth development
USA,NJ,2011,10        ,Male,16,Right-Handed,183,24,182,2,Walk,5,0.022,49,Soccer,615,492,679,,289,214,24,Same length,80,100,Ring finger,August,Summer,No,No,Meat,Water,Languages,8,9,6,Yes - other,In person,15,20,6,0,8,2,15,2,0,0,3,2,0,0,Very little,Graduate degree,Rap/Hip hop,Fly,Happy,Sports person,International aid
USA,NC,2017,11        ,Female,17,Right-Handed,166,23,159,1,Car,5,.707,39,Other,700,500,500,700,500,600,23,Same length,80,70,Index finger,December,Summer,No,No,No favorite,Water,Music,8,10,5,Yes - broadband connection,In person,100,150,7,4,5,1,7,1,7,15,5,1,36,1,Some,Graduate degree,Techno/Electronic,Fly,Happy,Musician or singer,Religious
USA,NE,2013,9         ,Male,15,Right-Handed,178,29,175,1,Car,15,0.39,40,Soccer,0,0,0,1000,1000,1000,29,Same length,110,90,Index finger,April,Spring,No,No,Seafood,,Science,10,10,5,Yes - other,Text messaging,100,110,9,1,10,5,15,20,5,10,5,5,,,Some,Graduate degree,Rap/Hip hop,Super strength,Rich,Friend,"Arts, culture, sports"
USA,TX,2025,12        ,Female,16,Right-Handed,152,22,149,3,Car,10,0.427,40,Golf,487,241,631,888,21,1000,23,Left foot,2,1.5,Index finger,November,Fall,Yes,No,Rice/Noodle dishes,Soft drink (caffeinated),Other,8,6,5,Yes - other,Internet chat or instant messaging,100,1000,5,1,3,2,5,2,7,7,7,3,2,7,Some,Graduate degree,Pop,Invisibility,Rich,Musician or singer,Health
USA,FL,2021,12        ,Male,16,Right-Handed,185,30,202,2,Bus,30,0.685,42,Basketball,500,500,1000,1000,500,700,30,Same length,7.7,8.1,Ring finger,November,Spring,No,No,Pizza/Pasta,Water,Mathematics and statistics,6,8,5,Yes - broadband connection,Internet chat or instant messaging,300,300,3,3,5,10,6,4,4,4,5,3,7,7,A lot,Graduate degree,Rap/Hip hop,Telepathy,Rich,Business person,Education/Youth development
USA,WA,2016,6         ,Male,12,Right-Handed,25,25.5,164,4,Car,10,0.337,52,Basketball,999,999,1000,1000,1000,1000,25,Right foot,63,62,Index finger,April,Winter,Yes,No,Meat,Water,Geography,9,10,5,Yes - broadband connection,Text messaging,6,150,60,2,6,8,8,15,6,116,15,7,1,2,Some,Graduate degree,Rock and roll,Telepathy,Happy,Actor,Health
USA,NY,2022,12        ,Female,17,Right-Handed,154,23,160,1,Car,10,.33,42,Hockey (Field),825,1000,663,675,695,979,23,Left foot,91,95,Ring finger,May,Spring,Yes,No,Rice/Noodle dishes,Water,Mathematics and statistics,7,10,4,Yes - broadband connection,Text messaging,100,100,11,7,15,11,18,3,7,14,14,7,5,3,A lot,Graduate degree,Rap/Hip hop,Fly,Happy,Sports person,Health
USA,GA,2019,8         ,Female,13,Right-Handed,170,26,174,3,Walk,20,0.524,39,Soccer,743,529,508,503,845,984,26.5,Left foot,80,85,Ring finger,June,Winter,No,No,Pizza/Pasta,Water,Mathematics and statistics,6-8,8-11,7,Yes - other,Text messaging,55,85,30,.5,5,4,7,8,0,5,5,15,4,2,Some,Graduate degree,Country,Telepathy,Happy,Actor,International aid
USA,IN,2021,12        ,Female,17,Right-Handed,157.4,17.78,157.4,1,Car,10,0.344,47,Other,100,100,1000,1000,50,1000,17.78,Right foot,63.5,76.2,Index finger,July,Fall,Yes,No,Breads/Sandwiches,Water,Music,6-7,8-9,6,Yes - other,Internet chat or instant messaging,200-4,100-2,15,8,9,10,10,0,168,168,168,5,15,14,A lot,Some college,Country,Invisibility,Happy,Other,Other
USA,SC,2024,12        ,Female,17,Ambidextrous,157,25.5,163,3,Car,20,0.464,40,Dancing,700,600,400,400,500,800,25.5,Same length,101,97,Index finger,March,Summer,Yes,No,Fruit,Water,Physical education,7,10,4,Yes - dial-up connection,In person,70,120,12,8,3,5,5,1,12,12,5,6,30,2,Some,Graduate degree,Pop,Telepathy,Happy,Teacher,International aid
USA,OH,2013,4         ,Male,10,Right-Handed,150,24,22,1,Bus,15,,,,,,,,,,,,,,,,,,,,,,,,,,,,,,,,,,,,,,,,,,,,,,,
USA,MA,2017,12        ,Male,18,Right-Handed,170.2,31,22,2,Bus,30,0.5,5,Soccer,6,1,2,3,4,5,31,Same length,,,,September,Fall,No,No,Seafood,Soft drink (caffeinated),Other,7,11,6,Yes - broadband connection,Text messaging,30,30,,,,,,,,,,,,,A lot,Graduate degree,Rap/Hip hop,,Rich,,
USA,OH,2019,12        ,Male,17,Right-Handed,175,27,175,1,Bus,30,.38,47,Athletics,0,0,0,500,0,100,27,Same length,82.55,82.55,Same length,August,Fall,No,No,Seafood,Water,Computers and technology,6,6,7,Yes - other,Internet chat or instant messaging,12,21,5,0,5,10,20,5,2,1,3,1,0,4,Very little,Some college,Rap/Hip hop,Freeze time,Rich,Friend,Health
USA,CA,2020,12        ,Female,17,Right-Handed,162.5,22.86,160.0,1,Car,6,0.336,46,Soccer,950,924,924,924,304,304,22.86,Same length,76.2,76.2,Same length,October,Winter,No,No,No favorite,Water,Art,6-7,8,5,Yes - broadband connection,Text messaging,52,80,3-4,1,28,14,4,0,28,28,49,5,0,7,A lot,Graduate degree,Pop,Freeze time,Happy,Relative,Health
USA,FL,2022,12        ,Female,15,,,,,,,,,,,,,,,,,,,,,,,,,,,,,,,,,,,,,,,,,,,,,,,,,,,,,,
USA,CA,2016,11        ,Female,17,Right-Handed,65 ,9,5,1,Car,30,0.353,50,Running/Jogging,500,500,500,500,1000,1000,9,Same length,4.5,3,Index finger,December,Fall,Yes,No,Pizza/Pasta,Water,Art,9,4,3,Yes - broadband connection,In person,200,200,84,140,4,168,35,2,168,168,168,168,7,7,A lot,Graduate degree,Rap/Hip hop,Telepathy,Rich,Relative,"Wildlife, animals"
USA,CO,2015,7         ,Female,13,Right-Handed,,,,2,Car,15,0.888,65,Soccer,999,999,1000,999,100,1000,,Same length,,,Same length,October,Summer,No,No,Fruit,Water,English,7,15,4,Yes - other,In person,4,4,6,0,0.5,2,1,4,2,1,6,6,0,0.5,Very little,Less than high school,Pop,Freeze time,Happy,Friend,Health
USA,WA,2024,11        ,Female,17,Right-Handed,160.0,25.4,157.4,1,Car,2,0.424,39,Walking/Hiking,1000,759,497,492,0,0,25.4,Same length,7.62,7.62,Same length,October,Fall,Yes,No,Meat,Water,English,8,10,6,Yes - broadband connection,Text messaging,40,50,4,0,0,2,0,10,9,5,10,11,0,2,Some,Some college,Heavy metal,Fly,Rich,Actor,"Wildlife, animals"
USA,CA,2023,9         ,Female,14,Right-Handed,"5,4",8,81.28,1,Car,5-7 ,0.343,48,Other,615,850,727,503,0,583,8,Same length,70,70,Ring finger,May,Fall,No,No,Meat,Water,History,7,10-12,6,Yes - other,Text messaging,20,30,35-45,8,10-12,40,19-20,6,30,21,56,21,0,17.5,A lot,Graduate degree,Country,Fly,Rich,Relative,"Wildlife, animals"
USA,OR,2017,12        ,Male,16,Right-Handed,170,30,167.6,2,Car,11,0.336,47,Soccer,500,700,600,700,1000,1000,29,Right foot,10,10,Ring finger,December,Fall,No,No,Meat,Water,History,8,6,4,Yes - broadband connection,Cell phone,150,160,10,1,10,2,10,0,10,10,10,10,0,2,Some,High school,Rap/Hip hop,Invisibility,Rich,Business person,Health
USA,IN,2016,12        ,Male,18,Ambidextrous,184,30.48,200.7,1,Car,8,0.68,51,Basketball,1000,1000,800,1000,600,1000,30.48,Same length,70,7.5,Ring finger,December,Spring,Yes,No,Pizza/Pasta,Water,History,8,10,4,Yes - other,Text messaging,5,9,10,1,10,5,10,6,8,1,9,5,12,1,Some,Graduate degree,Rap/Hip hop,Telepathy,Happy,Sports person,"Wildlife, animals"
USA,SC,2015,11        ,Female,17,Right-Handed,162,23,167,1,Car,10,.476,34,Other,857,907,896,889,906,937,23,Same length,65,65,Same length,June,Fall,Yes,No,Poultry,Water,Science,5,5,5,Yes - other,Text messaging,60,200,5,2,5,10,3,0,4,7,15,9,25,2,Some,Graduate degree,Country,Invisibility,Happy,Relative,"Wildlife, animals"
USA,IN,2016,8         ,Male,14,Right-Handed,166,32,178,1,Bus,30,0.387,29,Football (American),500,200,100,300,400,1000,36,Left foot,70,70,Same length,March,Summer,No,No,Meat,Water,Art,7,12,5,Yes - broadband connection,Text messaging,10,15,30,0,1,6,30,20,20,7,25,4,8,2,None,Some college,Rap/Hip hop,Invisibility,Happy,Other,"Wildlife, animals"
USA,NY,2025,6         ,Male,11,Right-Handed,1.50,22,35,1,Bus,5min,361,65,Basketball,636,765,668,583,0,294,22,Same length,6.3,6,Index finger,June,Spring,No,No,Meat,Water,Social studies,7,9,5,Yes - other,Text messaging,6,9,7, 1/2,1/2,4,2,2,1,1,4,1,0,0,Some,Other,Rap/Hip hop,,Rich,Actor,Health
USA,KS,2023,12        ,Male,16,Right-Handed,169,25,170,3,Car,20,0.4,49,Tennis,750,600,300,750,900,900,25,Right foot,73,70,Index finger,April,Summer,Yes,No,Poultry,Water,Science,7.5,9,4,Yes - broadband connection,Cell phone,50,100,16,1,14,4,14,6,10,10,30,4,10,2,Very little,Graduate degree,Pop,Freeze time,Happy,Musician or singer,Health
USA,GA,2021,12        ,Female,17,Right-Handed,170,24.6,167,1,Car,8,0.457,35,Tennis,,,,,,,,Same length,,,,February,Summer,,,Soups,,Art,,9,,,,,,,,,,,,,,,,,,,,,,,,
USA,ID,2018,12        ,Female,21,Right-Handed,154,24.1,32,2,Walk,5,.455,39,None,1000,979,979,909,701,850,23.8,Right foot,50.8,51.6,Ring finger,July,Fall,No,No,Meat,Water,Art,7,6,6,Yes - broadband connection,Text messaging,10,10,15,3,30,15,5,0,15,10,20,0,20,3,A lot,Graduate degree,Other,Super strength,Happy,Friend,International aid
USA,NJ,2018,12        ,Female,17,Right-Handed,165,24, 160,1,Car,8,0.366,32,None,1000,800,780,800,600,850,24,Same length,95,95,Same length,January,Fall,No,No,Pizza/Pasta,Water,History,7,9,4,Yes - broadband connection,In person,73,66,20,4,10,42,0,28,100,85,150,15,0,1,Some,Graduate degree,Punk rock,Fly,Happy,Relative,Education/Youth development
USA,ID,2014,12        ,Female,18,Right-Handed,162,24,159,1,Car,15,0.374,39,Dancing,500,500,500,500,500,500,25,Left foot,8.5,9,Ring finger,September,Summer,Yes,No,No favorite,Water,Music,6,8,3,Yes - other,Cell phone,72,73,4,18,7,7,1,0,2,3,3,2,0,20,Some,Graduate degree,Reggae,Fly,Healthy,Relative,"Arts, culture, sports"
USA,NY,2013,8         ,Male,13,Right-Handed,143,21.81,151,1,Car,5,.782,52,Soccer,750,650,950,250,500,300,21.8,Same length,55,66,Ring finger,March,Summer,Yes,No,No favorite,Juice,Science,9,9,4,Yes - broadband connection,Text messaging,60,70,20,1,25,10,25,0,3,5,2,10,0,1,A lot,Graduate degree,Rap/Hip hop,Freeze time,,Coach or club leader,"Wildlife, animals"
USA,KY,2020,12        ,Female,17,Right-Handed,177.8,25.4,195.5,1,Car,17,0.347,40,Other,957,877,749,765,1000,1000,26.03,Left foot,76.2,88.9,Ring finger,September,Fall,Yes,No,Breads/Sandwiches,Soft drink (caffeinated),Art,7,7,4,Yes - other,"Myspace, Facebook, other social networking sites, or blog",100,120,7,0,5,2,0,4,20,3,20,0,36,10,A lot,Undergraduate degree,Other,Freeze time,Happy,Teacher,"Arts, culture, sports"
USA,IN,2018,11        ,Female,17,Right-Handed,160,21.5,150,1,Car,20,0.441,45,Running/Jogging,503,503,503,503,882,898,23,Left foot,70,65,Index finger,November,Winter,No,Yes,Fruit,Water,Mathematics and statistics,7,10,4,Yes - broadband connection,Text messaging,34,36, 4,4,0,24,12,0,70,54,32,35,20,0,Some,High school,Pop,Telepathy,Happy,Friend,International aid
USA,GA,2023,12        ,Female,18,Left-Handed,162.5,19,160,1,Car,15,.39,44,None,900,900,800,800,600,800,19,Same length,65,66,Index finger,July,Summer,Yes,No,No favorite,Water,English,9,6,3,Yes - other,Text messaging,20,30,10,1,2,7,1,4,15,6,18,15,6,2,None,Undergraduate degree,Techno/Electronic,Telepathy,Rich,Other,Environment
USA,NY,2020,12        ,Male,17,Right-Handed,170,26,161,1,Car,9,0.388,45,Cycling,861,695,492,652,759,775,26,Same length,65,70,Ring finger,June,Fall,Yes,Yes,Pizza/Pasta,Water,Art,7,9,3,Yes - other,Text messaging,45,40,4,1,8,10,4,0,15,12,50,8,0,3,A lot,Undergraduate degree,Pop,Invisibility,Healthy,Business person,Environment
USA,WA,2023,11        ,Male,16,Right-Handed,195,35,187,1,Car,6,.288,38,Football (American),684,690,893,401,749,1000,35,Same length,80,86,Ring finger,February,Winter,Yes,No,Meat,Soft drink (caffeinated),Geography,6,8,4,Yes - broadband connection,"Myspace, Facebook, other social networking sites, or blog",100,75,33,21,5,3,12.5,87,90,90,90,4,4,8,A lot,High school,Other,Freeze time,Healthy,Sports person,Other
USA,OH,2020,11        ,Female,18,Left-Handed,163,24,157,1,,5,0.375,39,Other,1000,759,642,529,203,283,24,Same length,53,57,Same length,August,Summer,Yes,No,Soups,Water,Social studies,7,9,5,Yes - other,Text messaging,50,50,5,2,3,10,0,2,1,4,30,2,20,5,Very little,Graduate degree,Pop,Telepathy,Happy,Relative,"Wildlife, animals"
USA,MO,2019,12        ,Male,17,Right-Handed,176,25,183,1,Car,6,.386,38,Baseball/Softball,500,,,,,,,,,,,,,,,,,,,,,,,,,,,,,,,,,,,,,,,,,,,
USA,IN,2016,12        ,Female,17,Ambidextrous,164.7,26.67,205.7,1,Car,10,7,20,Other,7,4,2,8,9,9,26.67,Same length,,,,,,,,Desserts,Soft drink (caffeinated),Music,8,5,4,Yes - other,Cell phone,300,257,58,2,6,1,72,102,2,,17,12,35,2,Some,Graduate degree,Pop,Fly,Happy,Musician or singer,International aid
USA,IN,2017,12        ,Female,17,Right-Handed,163,22,159,1,Bus,15,.411,39,Dancing,738,701,519,738,529,743,22,Same length,80,70,Index finger,August,Fall,Yes,No,Rice/Noodle dishes,Water,Art,5,7,5,Yes - other,Text messaging,20,15,0,0,8,5,0,3,7,2,20,3,25,7,Some,Graduate degree,Punk rock,Telepathy,Happy,Relative,Health
USA,NJ,2011,10        ,Male,16,Right-Handed,168,20,110,2,Walk,6,0.344,38,Other,500,750,500,,1000,1000,21,Left foot,76,67,Index finger,November,Fall,No,No,Pizza/Pasta,Water,Geography,8,12,4,Yes - broadband connection,In person,5,5,56,1,14,2,14,6,28,2,28,0,0,0,Some,Graduate degree,Other,Fly,Happy,Other,International aid
USA,CA,2017,12        ,Male,17,Right-Handed,173.7,27.9,56,2,Car,15,0.427,46,Soccer,1000,1000,1000,1000,1000,10000,27.9,,76.2,77.2,Ring finger,June,Winter,Yes,No,Other,Other,English,9,7,6,Yes - other,Text messaging,1,1,5,1,4,2,4,5,7,1,7,0,0,4,,Graduate degree,Rap/Hip hop,Freeze time,Rich,Other,International aid
USA,ID,2025,10        ,Female,15,Right-Handed,170,24,170,1,Car,10,.408,56,Walking/Hiking,900,600,400,800,100,800,24,Same length,70,69,Index finger,March,Summer,Yes,No,Breads/Sandwiches,Water,Social studies,7,8,6,Yes - broadband connection,Internet chat or instant messaging,20,20,15,3,5,7,10,0,2,30,30,5,0,4,Some,Graduate degree,Pop,Telepathy,Rich,Friend,Health
USA,CA,2021,12        ,Male,17,Right-Handed,175,25,73,1,Car,10,0.284,37,Basketball,898,626,711,791,567,508,25,Same length,80,95,Ring finger,February,Fall,No,No,Meat,Water,Science,8,9,4,Yes - broadband connection,Text messaging,32,31,7,2,10,9,12,11,9,7,13,2,0,1,Some,Graduate degree,Rap/Hip hop,Fly,Happy,Relative,Health
USA,CA,2025,12        ,Male,16,Right-Handed,165,21.6,170,2,Car,40,0.65,42,None,80,80,80,80,90,99,21.5,Same length,63,67,Ring finger,November,Winter,Yes,No,Rice/Noodle dishes,Water,Mathematics and statistics,7,8,4,Yes - broadband connection,In person,10,10,10,6,15,20,4,10,30,2,3,0,0,5,A lot,Graduate degree,Other,Freeze time,Rich,Doctor or nurse,Health
USA,WI,2020,12        ,Female,16,Right-Handed,173cm,24cm,164cm,1,Car,7 min,0.436,34sec,Baseball/Softball,750,750,750,700,500,500,23cm,Right foot,80mm,80mm,Same length,September,Fall,Yes,No,Fruit,Water,Other,8hrs,9hrs,5,Yes - broadband connection,In person,7,11,3 hrs,0 hrs,20hrs,10hrs,15hrs,0 hrs,20hrs,2hrs,55hrs,15hrs,15hrs,3hrs,A lot,Graduate degree,Pop,Fly,Happy,Relative,International aid
USA,CA,2025,12        ,Male,17,Right-Handed,175,23,175,2,Car,20,.235,29,Other,850,800,900,750,900,900,24,Left foot,75,65,Index finger,January,Winter,No,No,No favorite,Water,Mathematics and statistics,7,10,2,Yes - other,Internet chat or instant messaging,30,50,25,2,8,2,2,8,2,3,8,0,0,2,Some,Graduate degree,Pop,Freeze time,Rich,Sports person,Education/Youth development
USA,SC,2010,12        ,Female,17,Right-Handed,163,6,26,1,Walk,3,.905,45,Dancing,2,3,4,,6,5,6.2,Right foot,6,6.2,Ring finger,April,Spring,No,Yes,Salads,Milk,Art,6,4,2,Yes - broadband connection,"Myspace, Facebook, other social networking sites, or blog",78,100,33,3,10,10,4,4,20,10,20,7,14,0,A lot,Graduate degree,Heavy metal,Invisibility,Happy,Other,"Wildlife, animals"
USA,AL,2023,12        ,Male,18,Right-Handed,5'10,27.6,165,1,Car,15,0.289,42,Golf,647,219,374,503,332,611,27.1,Right foot,70,80,Ring finger,January,Spring,No,No,Meat,Tea,Science,4-6,4-6,6,Yes - broadband connection,Cell phone,40-50,40-50,5,80,2,8,13,50,12,12,40,3,25,6,A lot,High school,Country,Fly,Happy,Relative,"Wildlife, animals"
USA,CA,2022,12        ,Female,17,Right-Handed,157.4,21,160,2,Car,8,0.316,55,Other,800,500,1000,800,1000,1000,22,,7,8,Ring finger,June,Winter,No,No,No favorite,Water,Science,7,9,4,Yes - broadband connection,Text messaging,30,30,30,20,15,15,40,0,20,30,40,4,0,4,A lot,Graduate degree,Pop,Telepathy,Rich,Relative,Health
USA,MI,2018,9         ,Female,14,Right-Handed,154,21,147,1,Car,25,2.296,66,Running/Jogging,900,800,1000,600,1000,1000,23,Left foot,89,91,Ring finger,September,Winter,Yes,No,Rice/Noodle dishes,Water,Mathematics and statistics,7,10,4,Yes - broadband connection,"Myspace, Facebook, other social networking sites, or blog",20,35,6,1,20,7,9,1,20,2,50,5,0,5,A lot,Graduate degree,Other,Freeze time,Healthy,Relative,Health
USA,MA,2025,12        ,Female,17,Right-Handed,158,22,158,2,Other,15,0.414,35,Athletics,0,0,0,0,1000,1000,22,Same length,8.225,8.89,Same length,January,Summer,No,No,Rice/Noodle dishes,Coffee,Art,5,12,3,Yes - other,In person,100,100,24,1,56,5,8,1,24,24,78,0,32,0,A lot,Graduate degree,Punk rock,Freeze time,Happy,Other,"Wildlife, animals"
USA,NY,2019,12        ,Male,17,Right-Handed,175,175,180,2,Rail (Train/Tram/Subway),30min, 0.23,53,Basketball,0,0,0,0,1,1000,175,Same length,,,,,,,,,,,,,,,,,,,,,,,,,,,,,,,,,,,,
USA,NY,2017,6         ,Male,12,Right-Handed,155,27,146,7,Bus,30,0.368,46,Soccer,500,500,500,500,500,500,27,Same length,55,60,Ring finger,May,Summer,Yes,No,Other,Water,Other,3,4,5,Yes - other,In person,10,500,48,3,24,10,20,5,10,20,100,0,2,10,A lot,Graduate degree,Rap/Hip hop,Freeze time,Famous,Other,"Wildlife, animals"
USA,AZ,2016,6         ,Female,12,Right-Handed,162,23,157,3,Car,25,0.451,65,Dancing,872,519,834,834,112,150,22,,,,,,,,,,,,,,,,,,,,,,,,,,,,,,,,,,,,,
USA,PA,2018,12        ,Female,17,Right-Handed,165,23,168,2,Car,14,.428,65,Other,684,540,754,578,791,809,23,Same length,93,95,Ring finger,April,Fall,Yes,No,Pizza/Pasta,Milk,Art,6,13,5,Yes - other,Text messaging,23,400,50,15,3,6,12,0,15,16,30,6,0,3,Some,Undergraduate degree,Country,Invisibility,Happy,Friend,Health
USA,NC,2022,10        ,Female,15,Right-Handed,62cm,8,67cm,1,Bus,8,0.564,51,None,781,583,834,914,11,198,9cm,Left foot,3,3,Index finger,August,Fall,Yes,No,Rice/Noodle dishes,Juice,History,6,9,7,Yes - other,Text messaging,23,33,6,3,0,2,0,0,7,5,12,2,0,1,A lot,Some college,Rhythm and blues (R&B),Fly,Rich,Relative,Other
USA,CA,2020,12        ,Male,17,Right-Handed,175,26,181,1,Car,10,.444,45,Basketball,500,500,600,300,800,1000,25,Right foot,18,20,Ring finger,March,Summer,No,No,Meat,Water,Science,7,9,5,Yes - broadband connection,Text messaging,20,15,4,1,8,4,2,8,2,1,4,0,0,2,Some,Graduate degree,Pop,Freeze time,Happy,Musician or singer,International aid
USA,NC,2014,10        ,Male,16,Right-Handed,178.5,25.5,180.5,1,Bus,30,.41,40,Swimming,711,807,513,695,904,979,26,Left foot,9.1,8.5,Index finger,February,Fall,No,No,Meat,Water,History,7.5,9.5,4,Yes - broadband connection,In person,14,12,13,.1,16,16,9,17,1,1,5,20,18,3,Very little,Graduate degree,Rock and roll,Invisibility,Rich,Relative,Health
USA,SC,2018,11        ,Female,17,Right-Handed,157.5,24.1,63.5,1,Bus,10,0.301,45,Dancing,706,802,904,749,909,1000,23.5,Right foot,93.98,50.05,Index finger,March,Fall,Yes,No,Rice/Noodle dishes,Juice,Social studies,7,9,5,Yes - other,Text messaging,17,18,5,3,7,4,1,0,40,20,50,50,7,24,Some,Other,Rap/Hip hop,Telepathy,Healthy,Actor,"Wildlife, animals"
USA,NC,2021,12        ,Male,17,Left-Handed,183,,,1,Car,5,.604,59,Other,100,600,600,700,850,1000,,Right foot,,,,June,Winter,Yes,No,Pizza/Pasta,Water,,6,7,4,Yes - other,Internet chat or instant messaging,3,4,1,0,3,1,0,.5,1,2,12,0,28,2,A lot,Other,Pop,Fly,Rich,Other,Environment
USA,NC,2019,7         ,Male,14,Ambidextrous,60,5,idk,3,Car,5min,4,5,Football (American),idc,idc,idc,idc,i do ,i do,idk,Left foot,idk,idk,Index finger,November,Fall,No,Yes,Pizza/Pasta,Water,Other,0,-0,7,Yes - broadband connection,Internet chat or instant messaging,0,20,0,0,0,0,24,24,0,0,24,0,1,1,A lot,Less than high school,Rap/Hip hop,Invisibility,Rich,Friend,Other
USA,CA,2015,6         ,Male,12,Right-Handed,147,24,145,1,Car,30,0.519,51,Soccer,0,1000,1000,1000,519,100,24,Same length,80,84,Ring finger,October,Winter,Yes,No,Meat,Water,History,10,8,4,Yes - dial-up connection,,0,0,10,1,4,15,7,1 ,1,2,8,6,1,3,Some,Graduate degree,Rock and roll,Telepathy,Happy,Other,Health
USA,NC,2022,7         ,Female,13,Right-Handed,,,,1,Car,5,0.32,54,Other,850,800,800,900,700,650,,,,,,February,Fall,Yes,No,Rice/Noodle dishes,Water,Science,9,8,4,Yes - other,Text messaging,5,10,,,,,,,,,,,,,Some,Graduate degree,Pop,Invisibility,Healthy,Religious figure,"Wildlife, animals"
USA,WI,2013,7         ,Female,12,Right-Handed,151,21,125,2,Car,10,0.36,42,Other,412,1000,711,1000,5,20,22,Left foot,35,35,Same length,July,Fall,No,No,Desserts,Water,English,8,8,9,Yes - other,"Myspace, Facebook, other social networking sites, or blog",20,25,5 ,1,1,5,5,0,3,2,3,2,0,2,Very little,Graduate degree,Rap/Hip hop,Telepathy,Happy,Sports person,Health
USA,MA,2019,12        ,Male,17,Right-Handed,173,24,172.5,3,Car,10,.411,48,Swimming,800,700,700,800,600,600,24,Same length,70,77,Ring finger,October,Fall,No,No,Poultry,Tea,Computers and technology,6,10,5,Yes - broadband connection,In person,30,66,7,1,21,10,4,0,2,2,21,0,15,1,A lot,Graduate degree,Pop,Freeze time,Happy,Teacher,Environment
USA,WA,2019,12        ,Female,17,Right-Handed,55,9.5,18,1,Car,10,0.528,57,Baseball/Softball,1000,460,155,96,0,292,9.5,Left foot,2.4,2.5,Ring finger,February,Summer,No,No,Pizza/Pasta,Water,Languages,6,10,6,Yes - other,In person,23,25,3,1,2,5,1,0,2,1,1,0,0,2,Some,Other,Rap/Hip hop,Fly,Healthy,Musician or singer,Health
USA,IA,2021,12        ,Male,18,Right-Handed,176,26,175,1,Car,27,0.301,37,Walking/Hiking,1000,957,1000,1000,578,834,26,Same length,78,80,Ring finger,July,Fall,No,No,Pizza/Pasta,Soft drink (caffeinated),Geography,7,7,2,Yes - broadband connection,Internet chat or instant messaging,4,3,2,1,2,7,1,30,1,2,28,0,13,3,A lot,Graduate degree,Rock and roll,Fly,Happy,Friend,Health
USA,NC,2022,12        ,Female,17,Right-Handed,162.5,23.8,91.44,1,Car,6 min,0.326,30 ,Other,500,200,200,500,50,400,23.8,Same length,5.08,5.08,Same length,November,Winter,No,No,Meat,Water,Physical education,6,8-10,6,Yes - other,"Myspace, Facebook, other social networking sites, or blog",50,100,3 day,40 hr,0,24/4,13 hr,0,24/7,7 hr,24/7,7 hrs,30 hr,0,Very little,Other,Rap/Hip hop,Invisibility,Happy,Friend,"Wildlife, animals"
USA,ID,2024,10        ,Male,15,Right-Handed,165,25,172,1,Car,15,.296,56,Swimming,700,500,800,500,500,600,25,Right foot,80,75,Index finger,June,Summer,No,No,Seafood,Water,Computers and technology,9,10,4,Yes - broadband connection,In person,20,50,20,1,2,10,7,10,5,1,1,1,0,10,Some,Some college,Rock and roll,Freeze time,Rich,Other,"Wildlife, animals"
USA,TN,2020,6         ,Male,11,Right-Handed,137,21.59,50.8,3,Car,7 min,0.67,60,Baseball/Softball,1000,900,1000,727,150,75,21.84,Left foot,76.2,68.58,Index finger,June,Summer,No,No,Desserts,Sports drink,Mathematics and statistics,7,9-10,3,Yes - broadband connection,In person,25,20,8,7,1.5,10,5,6,0.5, 4,2,5.7,0,2,Very little,Graduate degree,Techno/Electronic,Invisibility,Healthy,Actor,"Wildlife, animals"
